rental_id,user_id,age,gender,start_time,end_time,start_station,end_station,duration_minutes,price
1,196,58,F,2024-04-27 10:10:00,2024-04-27 11:46:00,Station E,Station C,96,12.10
2,174,58,M,2024-03-03 11:29:00,2024-03-03 13:03:00,Station A,Station D,94,11.90
3,370,21,F,2024-03-23 17:36:00,2024-03-23 17:48:00,Station D,Station C,12,3.70
4,225,20,M,2024-09-22 19:07:00,2024-09-22 20:56:00,Station C,Station A,109,13.40
5,193,79,F,2024-12-24 05:13:00,2024-12-24 06:56:00,Station E,Station C,103,12.80
6,465,40,M,2024-07-28 19:17:00,2024-07-28 20:11:00,Station A,Station A,54,7.90
7,196,76,M,2024-10-26 11:21:00,2024-10-26 13:03:00,Station B,Station E,102,12.70
8,2,63,F,2024-04-28 10:31:00,2024-04-28 11:23:00,Station B,Station C,52,7.70
9,368,40,F,2024-06-28 18:10:00,2024-06-28 18:29:00,Station B,Station C,19,4.40
10,360,59,F,2024-03-14 03:45:00,2024-03-14 05:43:00,Station B,Station C,118,14.30
11,162,71,F,2024-03-22 10:04:00,2024-03-22 10:37:00,Station D,Station A,33,5.80
12,310,49,F,2024-08-08 16:16:00,2024-08-08 17:40:00,Station C,Station B,84,10.90
13,390,19,F,2024-08-05 23:50:00,2024-08-05 23:59:00,Station D,Station D,9,3.40
14,99,20,F,2024-11-24 02:20:00,2024-11-24 02:34:00,Station E,Station B,14,3.90
15,258,68,M,2024-10-03 02:04:00,2024-10-03 03:56:00,Station E,Station D,112,13.70
16,474,24,M,2024-07-21 08:54:00,2024-07-21 10:49:00,Station E,Station A,115,14.00
17,176,66,F,2024-04-10 20:04:00,2024-04-10 21:15:00,Station E,Station E,71,9.60
18,221,42,M,2024-03-10 17:58:00,2024-03-10 18:41:00,Station C,Station A,43,6.80
19,87,31,F,2024-02-14 15:28:00,2024-02-14 16:23:00,Station C,Station B,55,8.00
20,245,30,M,2024-03-26 07:48:00,2024-03-26 09:33:00,Station A,Station A,105,13.00
21,309,18,F,2024-10-05 03:37:00,2024-10-05 05:03:00,Station D,Station E,86,11.10
22,432,62,M,2024-01-20 09:24:00,2024-01-20 09:40:00,Station D,Station D,16,4.10
23,422,47,F,2024-12-10 02:37:00,2024-12-10 03:59:00,Station D,Station D,82,10.70
24,58,41,F,2024-02-26 21:25:00,2024-02-26 23:26:00,Station B,Station C,121,14.60
25,166,27,F,2024-03-07 16:43:00,2024-03-07 18:28:00,Station C,Station E,105,13.00
26,11,57,F,2024-12-21 09:38:00,2024-12-21 10:08:00,Station B,Station A,30,5.50
27,464,48,M,2024-01-17 10:24:00,2024-01-17 10:49:00,Station C,Station B,25,5.00
28,90,42,M,2024-07-16 20:55:00,2024-07-16 22:36:00,Station C,Station E,101,12.60
29,275,68,F,2024-12-26 17:43:00,2024-12-26 19:46:00,Station D,Station B,123,14.80
30,36,19,M,2024-04-06 13:35:00,2024-04-06 14:43:00,Station D,Station D,68,9.30
31,371,50,M,2024-03-17 03:46:00,2024-03-17 05:21:00,Station D,Station E,95,12.00
32,244,69,M,2024-06-22 15:48:00,2024-06-22 16:33:00,Station B,Station B,45,7.00
33,160,46,F,2024-05-13 15:56:00,2024-05-13 17:35:00,Station B,Station D,99,12.40
34,456,77,F,2024-07-26 23:14:00,2024-07-27 00:41:00,Station D,Station B,87,11.20
35,147,76,F,2024-12-25 02:32:00,2024-12-25 04:05:00,Station C,Station A,93,11.80
36,337,54,M,2024-06-19 04:50:00,2024-06-19 05:23:00,Station D,Station D,33,5.80
37,303,42,M,2024-10-02 18:52:00,2024-10-02 19:03:00,Station D,Station B,11,3.60
38,31,67,M,2024-01-28 02:46:00,2024-01-28 02:57:00,Station C,Station B,11,3.60
39,383,55,M,2024-09-11 22:35:00,2024-09-11 23:02:00,Station B,Station A,27,5.20
40,452,56,M,2024-02-23 02:56:00,2024-02-23 04:02:00,Station B,Station C,66,9.10
41,198,71,F,2024-01-17 16:24:00,2024-01-17 16:52:00,Station C,Station E,28,5.30
42,118,31,F,2024-08-18 17:11:00,2024-08-18 17:42:00,Station D,Station D,31,5.60
43,412,45,F,2024-03-01 08:23:00,2024-03-01 09:27:00,Station B,Station C,64,8.90
44,165,33,F,2024-08-12 12:46:00,2024-08-12 14:11:00,Station D,Station A,85,11.00
45,295,78,M,2024-01-07 14:06:00,2024-01-07 14:57:00,Station A,Station B,51,7.60
46,231,58,M,2024-05-06 12:17:00,2024-05-06 14:21:00,Station A,Station A,124,14.90
47,178,52,M,2024-01-13 11:53:00,2024-01-13 13:25:00,Station E,Station B,92,11.70
48,128,53,F,2024-08-16 11:35:00,2024-08-16 13:10:00,Station E,Station A,95,12.00
49,82,42,F,2024-11-19 21:28:00,2024-11-19 22:31:00,Station D,Station D,63,8.80
50,485,63,F,2024-12-05 19:33:00,2024-12-05 20:27:00,Station D,Station C,54,7.90
51,411,50,F,2024-12-11 05:26:00,2024-12-11 06:35:00,Station E,Station E,69,9.40
52,456,27,M,2024-03-03 07:34:00,2024-03-03 08:30:00,Station E,Station B,56,8.10
53,190,75,M,2024-12-16 14:59:00,2024-12-16 15:47:00,Station C,Station C,48,7.30
54,2,35,F,2024-07-13 00:07:00,2024-07-13 00:24:00,Station D,Station C,17,4.20
55,465,56,F,2024-04-20 03:11:00,2024-04-20 03:49:00,Station D,Station E,38,6.30
56,245,42,F,2024-08-19 14:23:00,2024-08-19 15:31:00,Station E,Station C,68,9.30
57,54,57,F,2024-01-02 13:26:00,2024-01-02 15:11:00,Station E,Station A,105,13.00
58,139,55,M,2024-03-28 09:28:00,2024-03-28 10:37:00,Station A,Station C,69,9.40
59,213,29,M,2024-09-07 16:28:00,2024-09-07 17:09:00,Station B,Station A,41,6.60
60,300,21,M,2024-12-20 18:16:00,2024-12-20 19:33:00,Station D,Station E,77,10.20
61,67,70,M,2024-10-16 17:06:00,2024-10-16 17:36:00,Station E,Station D,30,5.50
62,40,53,M,2024-05-01 03:24:00,2024-05-01 04:39:00,Station E,Station C,75,10.00
63,363,32,F,2024-03-17 15:39:00,2024-03-17 17:12:00,Station B,Station C,93,11.80
64,63,72,F,2024-11-23 07:06:00,2024-11-23 07:48:00,Station A,Station D,42,6.70
65,392,67,M,2024-03-17 18:01:00,2024-03-17 18:55:00,Station B,Station D,54,7.90
66,461,55,F,2024-02-07 07:43:00,2024-02-07 09:16:00,Station D,Station D,93,11.80
67,114,51,F,2024-09-02 03:20:00,2024-09-02 04:56:00,Station E,Station C,96,12.10
68,352,48,F,2024-12-25 19:07:00,2024-12-25 19:51:00,Station E,Station D,44,6.90
69,292,24,F,2024-01-09 10:09:00,2024-01-09 11:47:00,Station A,Station E,98,12.30
70,98,18,F,2024-10-19 00:49:00,2024-10-19 02:41:00,Station A,Station B,112,13.70
71,95,62,M,2024-07-23 22:41:00,2024-07-23 23:51:00,Station D,Station E,70,9.50
72,85,36,M,2024-01-07 20:11:00,2024-01-07 20:22:00,Station A,Station D,11,3.60
73,200,75,M,2024-09-02 12:40:00,2024-09-02 14:12:00,Station B,Station E,92,11.70
74,200,42,F,2024-08-08 03:07:00,2024-08-08 03:36:00,Station C,Station B,29,5.40
75,411,69,M,2024-11-11 07:37:00,2024-11-11 08:01:00,Station C,Station A,24,4.90
76,166,73,F,2024-04-12 21:09:00,2024-04-12 22:57:00,Station D,Station B,108,13.30
77,211,39,F,2024-03-01 23:11:00,2024-03-02 00:15:00,Station C,Station D,64,8.90
78,482,46,F,2024-08-14 21:45:00,2024-08-14 23:48:00,Station B,Station C,123,14.80
79,51,50,M,2024-07-19 01:34:00,2024-07-19 03:00:00,Station C,Station C,86,11.10
80,399,59,M,2024-02-12 00:01:00,2024-02-12 00:06:00,Station D,Station E,5,3.00
81,55,60,F,2024-04-04 11:21:00,2024-04-04 11:51:00,Station B,Station E,30,5.50
82,89,60,M,2024-08-13 00:23:00,2024-08-13 01:01:00,Station A,Station A,38,6.30
83,69,31,M,2024-08-12 02:48:00,2024-08-12 04:44:00,Station A,Station B,116,14.10
84,37,68,M,2024-03-08 20:21:00,2024-03-08 21:39:00,Station D,Station C,78,10.30
85,335,69,F,2024-08-08 10:55:00,2024-08-08 11:16:00,Station E,Station A,21,4.60
86,237,26,M,2024-11-05 22:42:00,2024-11-05 23:49:00,Station D,Station A,67,9.20
87,93,30,F,2024-08-18 09:13:00,2024-08-18 10:33:00,Station B,Station B,80,10.50
88,314,48,F,2024-07-25 00:02:00,2024-07-25 01:24:00,Station E,Station A,82,10.70
89,12,24,F,2024-04-18 17:47:00,2024-04-18 18:44:00,Station D,Station B,57,8.20
90,150,20,F,2024-01-05 04:58:00,2024-01-05 06:27:00,Station C,Station A,89,11.40
91,179,51,F,2024-09-28 07:56:00,2024-09-28 08:38:00,Station B,Station B,42,6.70
92,220,69,F,2024-02-28 22:17:00,2024-02-28 23:57:00,Station E,Station D,100,12.50
93,466,26,F,2024-05-27 12:43:00,2024-05-27 12:48:00,Station D,Station E,5,3.00
94,199,20,M,2024-04-22 08:51:00,2024-04-22 10:37:00,Station D,Station A,106,13.10
95,477,41,F,2024-03-28 23:56:00,2024-03-29 01:26:00,Station E,Station D,90,11.50
96,140,33,M,2024-09-21 17:56:00,2024-09-21 18:54:00,Station E,Station A,58,8.30
97,411,40,M,2024-03-09 04:24:00,2024-03-09 06:17:00,Station E,Station D,113,13.80
98,83,46,F,2024-03-19 19:03:00,2024-03-19 20:06:00,Station D,Station B,63,8.80
99,423,29,F,2024-02-18 22:45:00,2024-02-18 23:21:00,Station A,Station D,36,6.10
100,376,55,M,2024-03-06 23:24:00,2024-03-07 01:21:00,Station B,Station B,117,14.20
101,344,24,M,2024-10-13 12:52:00,2024-10-13 14:09:00,Station A,Station B,77,10.20
102,492,41,M,2024-06-27 07:27:00,2024-06-27 09:09:00,Station C,Station C,102,12.70
103,300,77,F,2024-01-18 18:19:00,2024-01-18 19:38:00,Station E,Station B,79,10.40
104,327,74,M,2024-04-18 07:27:00,2024-04-18 08:45:00,Station C,Station B,78,10.30
105,16,45,M,2024-03-09 07:39:00,2024-03-09 07:59:00,Station B,Station C,20,4.50
106,102,38,F,2024-03-24 00:47:00,2024-03-24 01:34:00,Station C,Station E,47,7.20
107,395,31,M,2024-03-16 14:19:00,2024-03-16 15:25:00,Station D,Station B,66,9.10
108,29,69,F,2024-04-16 03:13:00,2024-04-16 04:35:00,Station E,Station C,82,10.70
109,2,18,M,2024-11-09 11:59:00,2024-11-09 12:48:00,Station B,Station C,49,7.40
110,334,74,M,2024-11-16 07:56:00,2024-11-16 09:50:00,Station A,Station E,114,13.90
111,97,79,F,2024-01-28 04:27:00,2024-01-28 05:28:00,Station D,Station B,61,8.60
112,349,67,M,2024-04-27 15:56:00,2024-04-27 16:42:00,Station E,Station D,46,7.10
113,495,52,F,2024-11-15 09:33:00,2024-11-15 09:45:00,Station E,Station A,12,3.70
114,469,24,F,2024-06-12 02:49:00,2024-06-12 04:12:00,Station C,Station B,83,10.80
115,319,72,F,2024-05-12 17:06:00,2024-05-12 18:47:00,Station D,Station B,101,12.60
116,465,35,M,2024-08-09 07:17:00,2024-08-09 08:56:00,Station E,Station C,99,12.40
117,335,35,M,2024-02-17 02:49:00,2024-02-17 02:55:00,Station C,Station B,6,3.10
118,352,27,F,2024-06-10 12:16:00,2024-06-10 14:14:00,Station E,Station B,118,14.30
119,183,72,F,2024-12-27 20:55:00,2024-12-27 22:15:00,Station E,Station C,80,10.50
120,58,38,M,2024-11-03 12:54:00,2024-11-03 13:21:00,Station C,Station B,27,5.20
121,210,43,F,2024-05-19 11:55:00,2024-05-19 12:51:00,Station B,Station D,56,8.10
122,126,37,M,2024-05-04 11:51:00,2024-05-04 12:25:00,Station B,Station A,34,5.90
123,393,74,F,2024-08-17 23:41:00,2024-08-18 00:33:00,Station E,Station A,52,7.70
124,98,29,M,2024-09-20 08:20:00,2024-09-20 08:29:00,Station C,Station B,9,3.40
125,205,32,F,2024-06-07 01:02:00,2024-06-07 01:10:00,Station B,Station D,8,3.30
126,163,39,F,2024-01-05 21:54:00,2024-01-05 22:59:00,Station A,Station C,65,9.00
127,308,43,F,2024-03-23 20:26:00,2024-03-23 21:34:00,Station A,Station D,68,9.30
128,499,48,M,2024-12-23 05:32:00,2024-12-23 06:24:00,Station A,Station A,52,7.70
129,288,60,F,2024-12-11 13:29:00,2024-12-11 15:01:00,Station A,Station D,92,11.70
130,381,32,F,2024-03-12 10:57:00,2024-03-12 12:47:00,Station E,Station E,110,13.50
131,416,46,M,2024-06-09 08:37:00,2024-06-09 08:55:00,Station B,Station A,18,4.30
132,327,55,F,2024-10-27 17:15:00,2024-10-27 17:52:00,Station C,Station D,37,6.20
133,147,21,F,2024-12-07 09:10:00,2024-12-07 09:54:00,Station C,Station E,44,6.90
134,347,73,F,2024-12-10 12:49:00,2024-12-10 13:50:00,Station A,Station B,61,8.60
135,414,23,F,2024-02-12 11:29:00,2024-02-12 12:15:00,Station B,Station E,46,7.10
136,80,69,M,2024-12-18 04:51:00,2024-12-18 05:11:00,Station A,Station C,20,4.50
137,19,39,M,2024-11-25 00:59:00,2024-11-25 02:06:00,Station D,Station E,67,9.20
138,60,49,F,2024-01-06 09:57:00,2024-01-06 10:27:00,Station B,Station D,30,5.50
139,265,30,M,2024-02-12 14:42:00,2024-02-12 16:31:00,Station A,Station E,109,13.40
140,214,34,M,2024-09-13 00:54:00,2024-09-13 02:36:00,Station E,Station B,102,12.70
141,260,33,M,2024-09-18 18:45:00,2024-09-18 20:35:00,Station A,Station D,110,13.50
142,446,80,M,2024-08-04 15:54:00,2024-08-04 17:24:00,Station D,Station D,90,11.50
143,248,67,F,2024-06-16 03:04:00,2024-06-16 04:34:00,Station A,Station E,90,11.50
144,86,28,F,2024-11-11 15:08:00,2024-11-11 15:33:00,Station A,Station D,25,5.00
145,270,71,F,2024-03-08 13:11:00,2024-03-08 14:02:00,Station D,Station E,51,7.60
146,337,53,F,2024-03-21 15:21:00,2024-03-21 17:17:00,Station C,Station A,116,14.10
147,203,36,M,2024-01-02 00:49:00,2024-01-02 01:29:00,Station C,Station C,40,6.50
148,122,74,F,2024-09-27 08:19:00,2024-09-27 10:01:00,Station E,Station B,102,12.70
149,30,64,M,2024-09-07 12:22:00,2024-09-07 14:16:00,Station D,Station B,114,13.90
150,462,23,M,2024-08-26 18:13:00,2024-08-26 19:34:00,Station A,Station C,81,10.60
151,330,72,M,2024-07-03 20:25:00,2024-07-03 21:10:00,Station A,Station A,45,7.00
152,352,20,F,2024-03-04 18:15:00,2024-03-04 18:45:00,Station C,Station D,30,5.50
153,383,71,F,2024-08-18 03:48:00,2024-08-18 05:48:00,Station B,Station A,120,14.50
154,274,77,F,2024-03-02 14:20:00,2024-03-02 15:16:00,Station B,Station B,56,8.10
155,94,28,M,2024-11-24 23:25:00,2024-11-25 01:09:00,Station E,Station B,104,12.90
156,38,60,F,2024-05-05 15:48:00,2024-05-05 17:45:00,Station E,Station C,117,14.20
157,355,49,M,2024-04-28 17:31:00,2024-04-28 19:05:00,Station D,Station C,94,11.90
158,339,70,M,2024-06-26 17:44:00,2024-06-26 19:05:00,Station A,Station D,81,10.60
159,332,43,F,2024-10-17 13:03:00,2024-10-17 13:54:00,Station C,Station E,51,7.60
160,428,70,F,2024-07-20 18:28:00,2024-07-20 20:05:00,Station E,Station A,97,12.20
161,237,73,M,2024-07-14 20:56:00,2024-07-14 22:38:00,Station D,Station D,102,12.70
162,379,22,F,2024-01-16 20:43:00,2024-01-16 21:40:00,Station A,Station C,57,8.20
163,190,79,M,2024-06-03 04:58:00,2024-06-03 06:20:00,Station D,Station E,82,10.70
164,356,42,M,2024-05-05 01:23:00,2024-05-05 02:22:00,Station B,Station E,59,8.40
165,118,27,F,2024-04-21 08:50:00,2024-04-21 10:48:00,Station C,Station D,118,14.30
166,314,46,F,2024-01-07 02:17:00,2024-01-07 03:02:00,Station D,Station B,45,7.00
167,397,58,M,2024-11-22 09:39:00,2024-11-22 10:13:00,Station B,Station B,34,5.90
168,258,75,M,2024-12-02 11:29:00,2024-12-02 12:37:00,Station A,Station D,68,9.30
169,98,20,F,2024-04-06 16:30:00,2024-04-06 17:52:00,Station E,Station B,82,10.70
170,222,75,M,2024-05-11 06:19:00,2024-05-11 08:13:00,Station B,Station B,114,13.90
171,455,67,M,2024-05-07 14:20:00,2024-05-07 16:06:00,Station A,Station E,106,13.10
172,81,44,F,2024-11-21 10:48:00,2024-11-21 11:21:00,Station C,Station C,33,5.80
173,81,44,M,2024-12-08 19:53:00,2024-12-08 21:11:00,Station A,Station B,78,10.30
174,250,63,M,2024-07-15 16:20:00,2024-07-15 17:35:00,Station B,Station E,75,10.00
175,445,35,F,2024-07-04 23:22:00,2024-07-05 00:22:00,Station B,Station D,60,8.50
176,184,50,M,2024-11-27 01:37:00,2024-11-27 03:05:00,Station A,Station E,88,11.30
177,353,36,F,2024-09-05 16:11:00,2024-09-05 16:52:00,Station C,Station D,41,6.60
178,81,22,M,2024-03-11 07:09:00,2024-03-11 07:51:00,Station C,Station A,42,6.70
179,444,66,F,2024-09-08 00:59:00,2024-09-08 01:52:00,Station D,Station D,53,7.80
180,446,77,M,2024-11-20 22:25:00,2024-11-20 23:05:00,Station D,Station A,40,6.50
181,372,68,M,2024-05-02 17:41:00,2024-05-02 19:04:00,Station E,Station E,83,10.80
182,201,20,M,2024-08-08 15:09:00,2024-08-08 15:22:00,Station D,Station C,13,3.80
183,49,35,F,2024-02-26 15:48:00,2024-02-26 17:48:00,Station C,Station C,120,14.50
184,487,19,F,2024-08-26 17:42:00,2024-08-26 19:46:00,Station B,Station C,124,14.90
185,24,76,F,2024-12-17 03:04:00,2024-12-17 03:34:00,Station A,Station E,30,5.50
186,171,57,M,2024-01-21 13:35:00,2024-01-21 14:33:00,Station C,Station C,58,8.30
187,139,59,F,2024-06-11 00:38:00,2024-06-11 01:00:00,Station E,Station D,22,4.70
188,132,26,M,2024-01-17 12:00:00,2024-01-17 13:35:00,Station D,Station A,95,12.00
189,412,45,F,2024-04-23 03:54:00,2024-04-23 04:50:00,Station D,Station A,56,8.10
190,387,39,F,2024-09-18 06:53:00,2024-09-18 07:51:00,Station E,Station E,58,8.30
191,269,24,F,2024-09-14 03:32:00,2024-09-14 05:17:00,Station C,Station A,105,13.00
192,300,62,M,2024-07-22 16:46:00,2024-07-22 18:47:00,Station D,Station C,121,14.60
193,89,25,M,2024-03-25 02:17:00,2024-03-25 03:44:00,Station D,Station D,87,11.20
194,70,21,M,2024-10-10 03:17:00,2024-10-10 05:03:00,Station A,Station B,106,13.10
195,30,62,M,2024-09-21 16:02:00,2024-09-21 16:45:00,Station D,Station A,43,6.80
196,358,28,F,2024-05-10 14:04:00,2024-05-10 15:00:00,Station D,Station E,56,8.10
197,91,29,M,2024-05-21 10:35:00,2024-05-21 12:31:00,Station B,Station E,116,14.10
198,433,41,F,2024-09-22 15:13:00,2024-09-22 17:02:00,Station A,Station E,109,13.40
199,170,67,M,2024-04-18 03:50:00,2024-04-18 05:13:00,Station B,Station A,83,10.80
200,83,47,F,2024-05-06 11:08:00,2024-05-06 12:19:00,Station A,Station D,71,9.60
201,484,45,M,2024-07-24 07:18:00,2024-07-24 08:15:00,Station A,Station E,57,8.20
202,268,30,M,2024-11-21 06:00:00,2024-11-21 06:18:00,Station C,Station C,18,4.30
203,427,61,F,2024-03-09 07:27:00,2024-03-09 09:28:00,Station E,Station C,121,14.60
204,183,72,F,2024-06-06 09:12:00,2024-06-06 09:39:00,Station B,Station E,27,5.20
205,366,44,F,2024-01-10 14:04:00,2024-01-10 15:50:00,Station E,Station C,106,13.10
206,82,54,F,2024-02-23 16:24:00,2024-02-23 17:32:00,Station D,Station D,68,9.30
207,47,36,F,2024-04-18 15:31:00,2024-04-18 16:48:00,Station D,Station E,77,10.20
208,444,57,M,2024-07-03 12:31:00,2024-07-03 14:23:00,Station D,Station B,112,13.70
209,106,45,F,2024-12-19 09:42:00,2024-12-19 10:04:00,Station C,Station B,22,4.70
210,317,18,M,2024-01-16 03:15:00,2024-01-16 03:27:00,Station B,Station B,12,3.70
211,10,41,F,2024-04-01 16:42:00,2024-04-01 17:41:00,Station C,Station B,59,8.40
212,36,67,F,2024-05-22 18:49:00,2024-05-22 18:57:00,Station C,Station B,8,3.30
213,93,39,M,2024-04-22 00:17:00,2024-04-22 00:55:00,Station D,Station D,38,6.30
214,280,40,F,2024-07-16 12:25:00,2024-07-16 14:18:00,Station B,Station B,113,13.80
215,206,25,M,2024-12-20 16:18:00,2024-12-20 17:06:00,Station C,Station E,48,7.30
216,473,56,F,2024-01-16 10:53:00,2024-01-16 12:09:00,Station C,Station C,76,10.10
217,423,55,F,2024-06-22 01:26:00,2024-06-22 01:31:00,Station E,Station D,5,3.00
218,131,79,M,2024-01-19 07:17:00,2024-01-19 09:17:00,Station A,Station D,120,14.50
219,13,18,F,2024-08-01 01:15:00,2024-08-01 02:25:00,Station E,Station B,70,9.50
220,41,64,F,2024-05-18 14:22:00,2024-05-18 16:14:00,Station A,Station D,112,13.70
221,403,20,M,2024-06-26 00:19:00,2024-06-26 01:13:00,Station B,Station E,54,7.90
222,67,53,F,2024-10-07 01:53:00,2024-10-07 03:49:00,Station B,Station B,116,14.10
223,395,46,F,2024-03-21 14:54:00,2024-03-21 16:26:00,Station E,Station B,92,11.70
224,245,79,F,2024-08-24 01:09:00,2024-08-24 01:20:00,Station B,Station C,11,3.60
225,392,42,M,2024-06-02 23:37:00,2024-06-02 23:54:00,Station A,Station A,17,4.20
226,364,63,F,2024-10-10 05:53:00,2024-10-10 07:43:00,Station A,Station E,110,13.50
227,254,65,M,2024-04-13 20:55:00,2024-04-13 21:25:00,Station A,Station C,30,5.50
228,395,58,M,2024-02-20 16:07:00,2024-02-20 18:11:00,Station E,Station A,124,14.90
229,224,48,F,2024-12-06 15:47:00,2024-12-06 16:49:00,Station D,Station B,62,8.70
230,300,51,M,2024-11-19 04:04:00,2024-11-19 04:25:00,Station A,Station A,21,4.60
231,327,42,M,2024-04-06 10:12:00,2024-04-06 10:31:00,Station B,Station B,19,4.40
232,482,27,M,2024-11-22 20:16:00,2024-11-22 20:37:00,Station B,Station E,21,4.60
233,217,46,F,2024-08-23 20:13:00,2024-08-23 22:04:00,Station E,Station B,111,13.60
234,167,69,F,2024-05-26 10:56:00,2024-05-26 11:11:00,Station E,Station A,15,4.00
235,64,55,F,2024-05-10 09:26:00,2024-05-10 11:11:00,Station A,Station E,105,13.00
236,2,64,M,2024-09-14 06:08:00,2024-09-14 07:07:00,Station D,Station B,59,8.40
237,417,47,F,2024-04-27 13:20:00,2024-04-27 15:13:00,Station A,Station E,113,13.80
238,6,18,M,2024-06-18 23:56:00,2024-06-19 01:54:00,Station E,Station B,118,14.30
239,417,22,M,2024-12-20 20:25:00,2024-12-20 22:27:00,Station E,Station C,122,14.70
240,135,28,F,2024-04-15 10:03:00,2024-04-15 11:11:00,Station C,Station D,68,9.30
241,451,46,M,2024-01-15 01:06:00,2024-01-15 01:57:00,Station D,Station B,51,7.60
242,374,60,M,2024-10-12 03:33:00,2024-10-12 05:13:00,Station D,Station A,100,12.50
243,249,34,F,2024-11-13 17:09:00,2024-11-13 17:43:00,Station C,Station D,34,5.90
244,328,58,F,2024-05-04 12:58:00,2024-05-04 14:09:00,Station E,Station B,71,9.60
245,393,75,F,2024-08-08 10:16:00,2024-08-08 11:42:00,Station B,Station A,86,11.10
246,432,72,M,2024-01-06 09:55:00,2024-01-06 11:53:00,Station B,Station D,118,14.30
247,72,46,F,2024-07-17 21:17:00,2024-07-17 22:44:00,Station A,Station A,87,11.20
248,245,72,M,2024-03-10 21:14:00,2024-03-10 23:13:00,Station B,Station B,119,14.40
249,37,18,M,2024-01-08 05:34:00,2024-01-08 06:57:00,Station D,Station D,83,10.80
250,424,68,F,2024-03-14 04:43:00,2024-03-14 06:39:00,Station E,Station C,116,14.10
251,124,26,M,2024-06-14 03:44:00,2024-06-14 04:23:00,Station D,Station A,39,6.40
252,95,78,F,2024-07-15 06:57:00,2024-07-15 07:45:00,Station E,Station A,48,7.30
253,39,22,F,2024-05-19 16:07:00,2024-05-19 16:38:00,Station C,Station B,31,5.60
254,203,20,M,2024-10-11 13:52:00,2024-10-11 15:18:00,Station E,Station C,86,11.10
255,26,49,M,2024-09-01 06:19:00,2024-09-01 06:39:00,Station B,Station B,20,4.50
256,245,40,M,2024-05-18 03:09:00,2024-05-18 04:29:00,Station E,Station B,80,10.50
257,86,23,M,2024-02-20 10:26:00,2024-02-20 10:36:00,Station D,Station A,10,3.50
258,295,61,M,2024-08-28 18:36:00,2024-08-28 19:32:00,Station A,Station E,56,8.10
259,72,61,F,2024-03-17 09:00:00,2024-03-17 09:43:00,Station D,Station D,43,6.80
260,114,34,M,2024-04-06 09:26:00,2024-04-06 11:16:00,Station B,Station C,110,13.50
261,212,67,F,2024-09-28 14:53:00,2024-09-28 16:24:00,Station C,Station E,91,11.60
262,371,74,F,2024-04-02 16:54:00,2024-04-02 17:57:00,Station E,Station D,63,8.80
263,178,50,F,2024-04-25 22:51:00,2024-04-25 23:55:00,Station D,Station D,64,8.90
264,407,79,M,2024-05-06 00:10:00,2024-05-06 02:00:00,Station E,Station B,110,13.50
265,113,21,M,2024-02-27 16:54:00,2024-02-27 16:59:00,Station E,Station C,5,3.00
266,321,30,M,2024-05-24 02:07:00,2024-05-24 02:56:00,Station B,Station D,49,7.40
267,78,18,F,2024-07-15 20:21:00,2024-07-15 21:12:00,Station B,Station B,51,7.60
268,460,32,M,2024-04-23 01:46:00,2024-04-23 02:12:00,Station D,Station A,26,5.10
269,160,48,M,2024-04-04 06:27:00,2024-04-04 07:59:00,Station C,Station E,92,11.70
270,66,66,F,2024-02-02 06:51:00,2024-02-02 07:23:00,Station C,Station B,32,5.70
271,253,40,M,2024-08-28 22:10:00,2024-08-28 23:20:00,Station D,Station C,70,9.50
272,387,18,M,2024-02-15 00:51:00,2024-02-15 01:41:00,Station D,Station C,50,7.50
273,327,22,M,2024-04-11 15:29:00,2024-04-11 16:25:00,Station D,Station D,56,8.10
274,110,40,M,2024-10-13 23:06:00,2024-10-13 23:21:00,Station A,Station B,15,4.00
275,162,25,F,2024-09-01 02:24:00,2024-09-01 04:04:00,Station A,Station B,100,12.50
276,234,58,M,2024-08-02 19:48:00,2024-08-02 20:09:00,Station E,Station D,21,4.60
277,229,58,F,2024-09-10 15:05:00,2024-09-10 16:02:00,Station D,Station E,57,8.20
278,111,62,M,2024-09-26 13:17:00,2024-09-26 15:04:00,Station B,Station D,107,13.20
279,191,45,F,2024-08-13 15:00:00,2024-08-13 16:06:00,Station A,Station D,66,9.10
280,348,38,M,2024-06-12 01:32:00,2024-06-12 02:49:00,Station B,Station E,77,10.20
281,207,72,M,2024-02-27 09:32:00,2024-02-27 11:16:00,Station E,Station C,104,12.90
282,168,49,F,2024-05-04 22:08:00,2024-05-04 23:08:00,Station B,Station A,60,8.50
283,277,26,M,2024-11-02 14:53:00,2024-11-02 16:54:00,Station D,Station B,121,14.60
284,168,65,F,2024-05-28 12:26:00,2024-05-28 13:12:00,Station C,Station E,46,7.10
285,397,52,M,2024-10-13 18:48:00,2024-10-13 20:12:00,Station C,Station E,84,10.90
286,468,64,M,2024-05-25 08:27:00,2024-05-25 09:08:00,Station E,Station A,41,6.60
287,267,79,F,2024-03-11 02:33:00,2024-03-11 04:19:00,Station B,Station A,106,13.10
288,126,74,F,2024-06-08 22:02:00,2024-06-08 23:05:00,Station B,Station B,63,8.80
289,424,66,F,2024-07-24 20:06:00,2024-07-24 21:04:00,Station D,Station C,58,8.30
290,381,19,M,2024-01-17 20:51:00,2024-01-17 22:25:00,Station E,Station B,94,11.90
291,455,35,F,2024-01-16 07:57:00,2024-01-16 09:58:00,Station A,Station C,121,14.60
292,348,45,M,2024-02-20 15:31:00,2024-02-20 16:58:00,Station D,Station C,87,11.20
293,163,38,M,2024-12-19 08:37:00,2024-12-19 08:48:00,Station A,Station D,11,3.60
294,11,62,F,2024-03-15 04:23:00,2024-03-15 05:36:00,Station A,Station E,73,9.80
295,337,63,F,2024-12-19 14:18:00,2024-12-19 15:48:00,Station A,Station E,90,11.50
296,118,52,M,2024-04-14 21:20:00,2024-04-14 22:09:00,Station A,Station E,49,7.40
297,384,69,F,2024-02-01 03:34:00,2024-02-01 04:48:00,Station D,Station E,74,9.90
298,96,71,F,2024-11-17 05:17:00,2024-11-17 05:32:00,Station C,Station E,15,4.00
299,493,73,M,2024-08-26 23:20:00,2024-08-26 23:42:00,Station D,Station B,22,4.70
300,144,64,M,2024-12-12 17:49:00,2024-12-12 18:53:00,Station D,Station C,64,8.90
301,230,66,M,2024-06-22 17:19:00,2024-06-22 18:34:00,Station D,Station E,75,10.00
302,139,59,M,2024-08-05 13:53:00,2024-08-05 15:00:00,Station D,Station C,67,9.20
303,434,37,M,2024-11-04 04:28:00,2024-11-04 05:15:00,Station D,Station C,47,7.20
304,450,25,M,2024-04-23 17:33:00,2024-04-23 18:40:00,Station A,Station A,67,9.20
305,126,49,M,2024-08-05 13:05:00,2024-08-05 14:38:00,Station E,Station C,93,11.80
306,227,67,F,2024-12-12 14:42:00,2024-12-12 16:42:00,Station E,Station B,120,14.50
307,175,31,M,2024-11-11 04:47:00,2024-11-11 06:22:00,Station A,Station E,95,12.00
308,231,60,F,2024-01-16 00:51:00,2024-01-16 02:52:00,Station A,Station B,121,14.60
309,83,68,F,2024-12-22 14:57:00,2024-12-22 15:12:00,Station D,Station D,15,4.00
310,95,65,M,2024-12-21 09:05:00,2024-12-21 09:55:00,Station C,Station A,50,7.50
311,208,52,M,2024-02-09 14:34:00,2024-02-09 16:06:00,Station A,Station E,92,11.70
312,356,64,M,2024-05-19 15:35:00,2024-05-19 16:04:00,Station E,Station E,29,5.40
313,344,19,F,2024-05-15 18:24:00,2024-05-15 19:10:00,Station C,Station E,46,7.10
314,429,49,F,2024-04-20 03:04:00,2024-04-20 03:28:00,Station C,Station B,24,4.90
315,147,29,M,2024-12-09 01:50:00,2024-12-09 02:04:00,Station C,Station A,14,3.90
316,135,56,M,2024-11-25 23:11:00,2024-11-25 23:46:00,Station D,Station C,35,6.00
317,50,63,M,2024-01-08 23:12:00,2024-01-09 00:21:00,Station D,Station C,69,9.40
318,408,71,F,2024-07-09 18:36:00,2024-07-09 20:16:00,Station E,Station C,100,12.50
319,352,27,M,2024-12-28 18:11:00,2024-12-28 18:49:00,Station D,Station A,38,6.30
320,90,28,M,2024-05-03 03:08:00,2024-05-03 03:33:00,Station E,Station B,25,5.00
321,4,53,F,2024-10-12 05:16:00,2024-10-12 05:27:00,Station A,Station C,11,3.60
322,452,78,F,2024-04-23 16:40:00,2024-04-23 17:29:00,Station E,Station B,49,7.40
323,223,72,M,2024-11-10 06:14:00,2024-11-10 06:23:00,Station B,Station B,9,3.40
324,359,48,F,2024-09-02 10:20:00,2024-09-02 10:59:00,Station A,Station E,39,6.40
325,289,56,M,2024-04-03 21:20:00,2024-04-03 21:28:00,Station E,Station C,8,3.30
326,210,76,F,2024-06-19 23:59:00,2024-06-20 00:58:00,Station A,Station A,59,8.40
327,294,46,F,2024-07-04 19:01:00,2024-07-04 19:36:00,Station A,Station C,35,6.00
328,28,63,F,2024-04-02 19:40:00,2024-04-02 21:06:00,Station C,Station B,86,11.10
329,42,66,F,2024-11-15 20:07:00,2024-11-15 20:54:00,Station C,Station E,47,7.20
330,139,60,M,2024-08-16 03:31:00,2024-08-16 03:49:00,Station C,Station A,18,4.30
331,78,39,F,2024-09-25 18:03:00,2024-09-25 18:23:00,Station D,Station C,20,4.50
332,322,37,F,2024-01-18 16:05:00,2024-01-18 17:53:00,Station C,Station B,108,13.30
333,254,55,M,2024-05-02 08:10:00,2024-05-02 08:31:00,Station C,Station C,21,4.60
334,359,64,M,2024-01-14 20:14:00,2024-01-14 21:17:00,Station C,Station D,63,8.80
335,344,50,F,2024-06-11 15:26:00,2024-06-11 16:51:00,Station E,Station B,85,11.00
336,259,18,M,2024-06-16 19:24:00,2024-06-16 20:42:00,Station B,Station A,78,10.30
337,296,35,F,2024-06-16 08:16:00,2024-06-16 09:37:00,Station A,Station A,81,10.60
338,168,37,F,2024-05-18 08:45:00,2024-05-18 09:46:00,Station E,Station E,61,8.60
339,334,73,F,2024-05-17 07:14:00,2024-05-17 08:45:00,Station A,Station B,91,11.60
340,321,50,F,2024-02-18 02:35:00,2024-02-18 03:27:00,Station B,Station E,52,7.70
341,25,64,M,2024-05-15 16:34:00,2024-05-15 17:07:00,Station A,Station B,33,5.80
342,470,49,M,2024-09-17 20:13:00,2024-09-17 20:54:00,Station E,Station C,41,6.60
343,405,56,M,2024-11-04 17:33:00,2024-11-04 18:00:00,Station D,Station A,27,5.20
344,86,74,M,2024-01-21 06:39:00,2024-01-21 06:55:00,Station A,Station C,16,4.10
345,179,76,M,2024-01-28 03:46:00,2024-01-28 04:45:00,Station C,Station E,59,8.40
346,30,59,M,2024-07-18 03:51:00,2024-07-18 05:44:00,Station B,Station D,113,13.80
347,374,49,M,2024-05-23 21:39:00,2024-05-23 23:19:00,Station E,Station C,100,12.50
348,476,45,F,2024-07-14 08:10:00,2024-07-14 08:25:00,Station E,Station D,15,4.00
349,171,77,M,2024-01-04 15:34:00,2024-01-04 16:47:00,Station A,Station A,73,9.80
350,353,43,M,2024-11-03 05:45:00,2024-11-03 06:01:00,Station E,Station E,16,4.10
351,39,44,F,2024-09-28 16:29:00,2024-09-28 16:53:00,Station D,Station D,24,4.90
352,124,64,M,2024-12-17 10:07:00,2024-12-17 11:32:00,Station B,Station D,85,11.00
353,428,22,M,2024-07-21 04:39:00,2024-07-21 05:29:00,Station C,Station E,50,7.50
354,299,31,F,2024-06-24 09:01:00,2024-06-24 09:57:00,Station E,Station E,56,8.10
355,484,27,F,2024-09-27 13:36:00,2024-09-27 13:54:00,Station B,Station D,18,4.30
356,116,35,F,2024-12-08 12:51:00,2024-12-08 12:56:00,Station A,Station C,5,3.00
357,362,55,M,2024-09-12 12:24:00,2024-09-12 13:12:00,Station D,Station B,48,7.30
358,166,54,M,2024-06-28 02:15:00,2024-06-28 02:53:00,Station E,Station A,38,6.30
359,328,40,F,2024-06-20 20:12:00,2024-06-20 22:04:00,Station E,Station C,112,13.70
360,47,70,F,2024-12-19 12:40:00,2024-12-19 13:03:00,Station B,Station A,23,4.80
361,139,30,M,2024-11-19 20:14:00,2024-11-19 21:22:00,Station E,Station D,68,9.30
362,286,75,M,2024-04-13 22:59:00,2024-04-13 23:09:00,Station C,Station B,10,3.50
363,335,33,F,2024-05-11 14:30:00,2024-05-11 15:44:00,Station E,Station B,74,9.90
364,258,73,F,2024-03-27 03:02:00,2024-03-27 03:17:00,Station B,Station A,15,4.00
365,418,64,F,2024-06-26 01:19:00,2024-06-26 03:14:00,Station E,Station C,115,14.00
366,244,79,F,2024-04-25 18:02:00,2024-04-25 18:45:00,Station B,Station E,43,6.80
367,84,75,M,2024-05-05 07:56:00,2024-05-05 09:09:00,Station B,Station B,73,9.80
368,182,53,F,2024-02-12 06:28:00,2024-02-12 07:12:00,Station D,Station C,44,6.90
369,485,33,M,2024-09-28 19:13:00,2024-09-28 20:21:00,Station A,Station A,68,9.30
370,493,35,F,2024-09-25 23:12:00,2024-09-26 00:22:00,Station A,Station C,70,9.50
371,101,62,F,2024-07-25 03:30:00,2024-07-25 04:11:00,Station A,Station E,41,6.60
372,118,46,F,2024-12-12 10:04:00,2024-12-12 11:53:00,Station C,Station A,109,13.40
373,6,29,M,2024-12-08 05:21:00,2024-12-08 06:16:00,Station B,Station D,55,8.00
374,58,33,M,2024-09-20 07:08:00,2024-09-20 08:44:00,Station E,Station D,96,12.10
375,120,80,M,2024-03-21 09:09:00,2024-03-21 09:56:00,Station A,Station E,47,7.20
376,159,32,F,2024-09-12 07:40:00,2024-09-12 07:54:00,Station B,Station C,14,3.90
377,74,39,M,2024-11-06 10:27:00,2024-11-06 11:38:00,Station A,Station D,71,9.60
378,323,61,F,2024-04-26 23:57:00,2024-04-27 00:28:00,Station A,Station B,31,5.60
379,474,32,M,2024-10-16 18:40:00,2024-10-16 19:15:00,Station A,Station C,35,6.00
380,471,79,M,2024-10-28 22:49:00,2024-10-28 23:54:00,Station B,Station D,65,9.00
381,346,42,M,2024-03-17 09:02:00,2024-03-17 09:59:00,Station B,Station C,57,8.20
382,430,28,F,2024-05-27 15:37:00,2024-05-27 15:58:00,Station B,Station D,21,4.60
383,67,40,M,2024-06-28 10:31:00,2024-06-28 11:26:00,Station B,Station E,55,8.00
384,500,55,M,2024-04-04 11:24:00,2024-04-04 11:37:00,Station E,Station C,13,3.80
385,62,70,M,2024-09-04 18:33:00,2024-09-04 20:35:00,Station A,Station D,122,14.70
386,210,71,M,2024-07-10 13:49:00,2024-07-10 14:25:00,Station E,Station E,36,6.10
387,394,43,M,2024-06-03 21:21:00,2024-06-03 22:30:00,Station C,Station D,69,9.40
388,12,71,F,2024-12-27 11:59:00,2024-12-27 12:09:00,Station A,Station A,10,3.50
389,323,42,F,2024-05-11 06:34:00,2024-05-11 06:46:00,Station D,Station C,12,3.70
390,26,23,F,2024-10-16 21:09:00,2024-10-16 21:19:00,Station D,Station E,10,3.50
391,139,67,M,2024-12-11 18:47:00,2024-12-11 20:43:00,Station D,Station A,116,14.10
392,369,58,M,2024-01-11 05:46:00,2024-01-11 05:55:00,Station A,Station E,9,3.40
393,348,41,M,2024-03-04 18:24:00,2024-03-04 18:48:00,Station B,Station D,24,4.90
394,5,52,F,2024-07-09 04:15:00,2024-07-09 05:33:00,Station C,Station D,78,10.30
395,225,18,M,2024-02-28 11:46:00,2024-02-28 13:09:00,Station E,Station A,83,10.80
396,400,59,F,2024-09-08 04:40:00,2024-09-08 05:28:00,Station D,Station E,48,7.30
397,326,19,M,2024-01-12 20:06:00,2024-01-12 21:15:00,Station D,Station A,69,9.40
398,349,50,M,2024-06-19 07:33:00,2024-06-19 08:21:00,Station E,Station A,48,7.30
399,372,79,F,2024-07-06 11:06:00,2024-07-06 13:09:00,Station D,Station B,123,14.80
400,99,38,M,2024-02-21 04:33:00,2024-02-21 04:53:00,Station A,Station A,20,4.50
401,321,34,M,2024-06-21 20:48:00,2024-06-21 21:35:00,Station A,Station C,47,7.20
402,366,29,M,2024-03-19 16:41:00,2024-03-19 17:50:00,Station D,Station A,69,9.40
403,22,77,M,2024-08-25 15:21:00,2024-08-25 15:38:00,Station D,Station E,17,4.20
404,164,50,M,2024-06-07 00:03:00,2024-06-07 01:36:00,Station C,Station E,93,11.80
405,389,45,M,2024-08-27 12:15:00,2024-08-27 13:44:00,Station E,Station B,89,11.40
406,466,23,M,2024-08-01 18:02:00,2024-08-01 18:58:00,Station D,Station C,56,8.10
407,231,49,M,2024-08-02 21:16:00,2024-08-02 21:42:00,Station E,Station D,26,5.10
408,214,63,F,2024-11-18 18:06:00,2024-11-18 19:08:00,Station A,Station A,62,8.70
409,88,51,M,2024-07-17 08:09:00,2024-07-17 09:40:00,Station C,Station C,91,11.60
410,292,52,M,2024-08-28 23:06:00,2024-08-29 00:12:00,Station A,Station C,66,9.10
411,495,47,M,2024-05-17 15:54:00,2024-05-17 17:11:00,Station B,Station E,77,10.20
412,308,45,F,2024-11-01 02:58:00,2024-11-01 03:40:00,Station D,Station A,42,6.70
413,197,75,F,2024-03-19 22:20:00,2024-03-19 23:52:00,Station E,Station D,92,11.70
414,90,23,F,2024-11-25 00:47:00,2024-11-25 02:49:00,Station C,Station E,122,14.70
415,112,80,M,2024-02-15 00:22:00,2024-02-15 01:29:00,Station D,Station A,67,9.20
416,479,49,M,2024-12-27 05:46:00,2024-12-27 06:17:00,Station A,Station E,31,5.60
417,168,24,M,2024-09-28 06:57:00,2024-09-28 07:46:00,Station E,Station D,49,7.40
418,357,42,F,2024-07-23 21:28:00,2024-07-23 22:13:00,Station C,Station A,45,7.00
419,33,43,M,2024-11-23 21:07:00,2024-11-23 22:21:00,Station C,Station E,74,9.90
420,218,30,F,2024-01-01 15:48:00,2024-01-01 17:37:00,Station A,Station E,109,13.40
421,114,49,F,2024-02-02 18:55:00,2024-02-02 20:50:00,Station D,Station C,115,14.00
422,438,47,F,2024-04-02 08:39:00,2024-04-02 09:17:00,Station A,Station D,38,6.30
423,260,75,M,2024-06-22 05:42:00,2024-06-22 05:47:00,Station A,Station B,5,3.00
424,229,37,M,2024-10-08 01:37:00,2024-10-08 02:00:00,Station D,Station D,23,4.80
425,228,35,F,2024-02-06 23:51:00,2024-02-07 00:35:00,Station D,Station A,44,6.90
426,476,27,F,2024-08-14 14:02:00,2024-08-14 15:12:00,Station A,Station B,70,9.50
427,389,24,M,2024-09-20 01:09:00,2024-09-20 01:54:00,Station C,Station E,45,7.00
428,112,32,M,2024-04-22 03:59:00,2024-04-22 05:35:00,Station A,Station B,96,12.10
429,184,23,F,2024-05-07 18:03:00,2024-05-07 19:57:00,Station C,Station D,114,13.90
430,66,43,M,2024-07-22 13:15:00,2024-07-22 14:49:00,Station B,Station A,94,11.90
431,234,45,F,2024-05-18 12:13:00,2024-05-18 13:20:00,Station A,Station B,67,9.20
432,470,56,M,2024-06-22 10:23:00,2024-06-22 10:47:00,Station B,Station C,24,4.90
433,492,41,M,2024-09-27 04:21:00,2024-09-27 05:11:00,Station B,Station D,50,7.50
434,195,24,F,2024-07-23 06:46:00,2024-07-23 07:34:00,Station B,Station A,48,7.30
435,52,56,F,2024-12-08 19:57:00,2024-12-08 21:28:00,Station A,Station A,91,11.60
436,489,33,M,2024-09-13 20:54:00,2024-09-13 21:14:00,Station C,Station E,20,4.50
437,133,56,F,2024-06-24 22:19:00,2024-06-24 22:33:00,Station E,Station A,14,3.90
438,2,34,F,2024-01-16 20:59:00,2024-01-16 21:40:00,Station B,Station E,41,6.60
439,476,71,M,2024-04-22 22:35:00,2024-04-22 23:25:00,Station E,Station E,50,7.50
440,2,53,F,2024-12-21 14:22:00,2024-12-21 15:27:00,Station E,Station B,65,9.00
441,170,26,F,2024-12-06 04:10:00,2024-12-06 04:17:00,Station D,Station A,7,3.20
442,181,67,M,2024-02-01 19:54:00,2024-02-01 20:43:00,Station D,Station D,49,7.40
443,457,23,F,2024-05-25 13:16:00,2024-05-25 13:31:00,Station B,Station C,15,4.00
444,419,79,M,2024-12-11 04:32:00,2024-12-11 05:29:00,Station B,Station E,57,8.20
445,163,21,M,2024-12-19 05:24:00,2024-12-19 06:31:00,Station C,Station A,67,9.20
446,343,39,F,2024-07-01 09:37:00,2024-07-01 09:53:00,Station B,Station B,16,4.10
447,94,77,F,2024-06-01 11:20:00,2024-06-01 11:26:00,Station E,Station E,6,3.10
448,15,32,F,2024-05-22 16:48:00,2024-05-22 18:43:00,Station A,Station E,115,14.00
449,229,35,F,2024-11-24 17:44:00,2024-11-24 18:32:00,Station A,Station B,48,7.30
450,4,65,M,2024-05-06 16:54:00,2024-05-06 17:20:00,Station D,Station B,26,5.10
451,230,59,M,2024-12-21 14:32:00,2024-12-21 16:16:00,Station A,Station D,104,12.90
452,174,75,F,2024-02-20 09:26:00,2024-02-20 11:25:00,Station A,Station E,119,14.40
453,469,48,F,2024-08-03 01:18:00,2024-08-03 01:48:00,Station C,Station C,30,5.50
454,270,21,M,2024-12-02 10:56:00,2024-12-02 12:27:00,Station D,Station B,91,11.60
455,245,42,F,2024-04-07 04:14:00,2024-04-07 05:46:00,Station E,Station D,92,11.70
456,67,46,F,2024-08-17 06:33:00,2024-08-17 07:52:00,Station A,Station A,79,10.40
457,130,48,M,2024-02-13 03:25:00,2024-02-13 03:33:00,Station E,Station E,8,3.30
458,63,40,M,2024-03-09 11:52:00,2024-03-09 12:12:00,Station C,Station D,20,4.50
459,22,75,F,2024-01-19 15:25:00,2024-01-19 16:21:00,Station C,Station A,56,8.10
460,150,31,M,2024-11-07 00:08:00,2024-11-07 01:11:00,Station E,Station A,63,8.80
461,345,61,M,2024-11-23 19:18:00,2024-11-23 20:57:00,Station D,Station B,99,12.40
462,199,71,M,2024-06-19 02:41:00,2024-06-19 04:37:00,Station E,Station C,116,14.10
463,372,42,M,2024-07-22 18:15:00,2024-07-22 19:11:00,Station C,Station A,56,8.10
464,408,57,F,2024-08-19 11:22:00,2024-08-19 12:55:00,Station E,Station D,93,11.80
465,35,38,F,2024-10-27 02:45:00,2024-10-27 04:34:00,Station C,Station C,109,13.40
466,297,67,M,2024-03-05 15:41:00,2024-03-05 16:36:00,Station B,Station E,55,8.00
467,395,26,M,2024-09-02 09:57:00,2024-09-02 11:31:00,Station E,Station E,94,11.90
468,364,66,M,2024-12-24 20:23:00,2024-12-24 22:25:00,Station A,Station E,122,14.70
469,431,66,M,2024-09-13 02:52:00,2024-09-13 04:03:00,Station A,Station B,71,9.60
470,442,70,M,2024-01-25 14:16:00,2024-01-25 14:58:00,Station B,Station C,42,6.70
471,410,42,F,2024-07-25 20:59:00,2024-07-25 22:42:00,Station B,Station A,103,12.80
472,485,18,M,2024-07-16 12:58:00,2024-07-16 14:32:00,Station C,Station B,94,11.90
473,458,39,M,2024-11-16 23:25:00,2024-11-17 00:00:00,Station E,Station B,35,6.00
474,274,24,F,2024-07-15 10:54:00,2024-07-15 12:58:00,Station A,Station A,124,14.90
475,92,58,M,2024-12-04 19:13:00,2024-12-04 19:33:00,Station D,Station C,20,4.50
476,61,43,M,2024-02-24 03:39:00,2024-02-24 03:54:00,Station B,Station D,15,4.00
477,112,48,F,2024-11-15 15:10:00,2024-11-15 15:24:00,Station E,Station B,14,3.90
478,65,67,F,2024-05-12 02:46:00,2024-05-12 04:04:00,Station E,Station E,78,10.30
479,45,76,M,2024-01-21 03:39:00,2024-01-21 03:53:00,Station D,Station A,14,3.90
480,493,32,F,2024-06-09 06:08:00,2024-06-09 07:30:00,Station D,Station A,82,10.70
481,217,71,F,2024-10-26 11:24:00,2024-10-26 13:06:00,Station D,Station D,102,12.70
482,312,44,M,2024-05-11 15:27:00,2024-05-11 17:07:00,Station B,Station B,100,12.50
483,463,25,M,2024-04-15 16:02:00,2024-04-15 17:30:00,Station B,Station D,88,11.30
484,416,69,M,2024-12-23 01:13:00,2024-12-23 03:13:00,Station A,Station D,120,14.50
485,10,29,F,2024-04-09 19:43:00,2024-04-09 21:39:00,Station A,Station E,116,14.10
486,94,42,M,2024-11-24 11:44:00,2024-11-24 12:41:00,Station A,Station A,57,8.20
487,412,40,F,2024-01-24 08:13:00,2024-01-24 10:05:00,Station C,Station D,112,13.70
488,318,24,F,2024-07-26 21:18:00,2024-07-26 22:32:00,Station D,Station E,74,9.90
489,440,68,F,2024-11-21 05:05:00,2024-11-21 06:28:00,Station B,Station E,83,10.80
490,15,65,F,2024-10-19 12:41:00,2024-10-19 14:07:00,Station A,Station E,86,11.10
491,240,36,F,2024-04-22 22:17:00,2024-04-22 23:35:00,Station C,Station A,78,10.30
492,459,35,F,2024-07-09 10:25:00,2024-07-09 10:46:00,Station C,Station D,21,4.60
493,166,53,M,2024-07-12 14:16:00,2024-07-12 15:35:00,Station B,Station B,79,10.40
494,344,70,F,2024-04-15 14:26:00,2024-04-15 15:09:00,Station E,Station C,43,6.80
495,292,41,M,2024-08-08 04:54:00,2024-08-08 05:05:00,Station A,Station D,11,3.60
496,455,48,M,2024-05-28 13:15:00,2024-05-28 14:49:00,Station E,Station A,94,11.90
497,201,75,M,2024-04-27 15:34:00,2024-04-27 16:53:00,Station B,Station C,79,10.40
498,266,31,F,2024-01-21 12:32:00,2024-01-21 13:31:00,Station A,Station B,59,8.40
499,455,33,M,2024-05-15 23:00:00,2024-05-15 23:18:00,Station B,Station D,18,4.30
500,181,50,M,2024-12-19 19:41:00,2024-12-19 19:55:00,Station B,Station D,14,3.90
501,428,31,M,2024-06-07 17:28:00,2024-06-07 19:23:00,Station B,Station A,115,14.00
502,470,31,F,2024-03-24 07:59:00,2024-03-24 09:23:00,Station D,Station C,84,10.90
503,377,53,F,2024-02-28 14:42:00,2024-02-28 15:08:00,Station C,Station B,26,5.10
504,42,73,M,2024-02-19 20:24:00,2024-02-19 20:38:00,Station A,Station E,14,3.90
505,277,62,F,2024-07-18 01:58:00,2024-07-18 02:20:00,Station C,Station D,22,4.70
506,256,59,M,2024-11-12 20:24:00,2024-11-12 20:37:00,Station C,Station A,13,3.80
507,497,40,M,2024-11-17 10:51:00,2024-11-17 11:41:00,Station B,Station E,50,7.50
508,416,58,M,2024-08-26 16:35:00,2024-08-26 17:51:00,Station E,Station B,76,10.10
509,340,37,M,2024-03-13 04:07:00,2024-03-13 05:07:00,Station B,Station D,60,8.50
510,202,77,F,2024-06-05 02:55:00,2024-06-05 03:41:00,Station C,Station E,46,7.10
511,481,62,F,2024-08-14 23:17:00,2024-08-15 01:12:00,Station C,Station C,115,14.00
512,314,57,M,2024-09-08 21:17:00,2024-09-08 22:25:00,Station C,Station B,68,9.30
513,341,63,M,2024-11-21 03:11:00,2024-11-21 05:15:00,Station C,Station A,124,14.90
514,479,40,M,2024-05-06 02:00:00,2024-05-06 02:50:00,Station D,Station C,50,7.50
515,366,61,M,2024-12-27 10:24:00,2024-12-27 12:09:00,Station D,Station A,105,13.00
516,296,66,F,2024-10-25 06:18:00,2024-10-25 06:25:00,Station C,Station C,7,3.20
517,271,44,M,2024-06-16 07:42:00,2024-06-16 09:17:00,Station A,Station D,95,12.00
518,118,75,M,2024-05-16 21:51:00,2024-05-16 23:34:00,Station A,Station A,103,12.80
519,463,33,F,2024-06-24 09:13:00,2024-06-24 10:43:00,Station C,Station D,90,11.50
520,493,60,F,2024-06-23 05:04:00,2024-06-23 05:11:00,Station E,Station A,7,3.20
521,449,25,F,2024-02-11 14:23:00,2024-02-11 16:05:00,Station C,Station C,102,12.70
522,314,40,M,2024-11-07 00:57:00,2024-11-07 02:21:00,Station E,Station B,84,10.90
523,223,34,F,2024-10-27 05:45:00,2024-10-27 07:02:00,Station D,Station C,77,10.20
524,25,58,M,2024-08-23 18:28:00,2024-08-23 19:32:00,Station E,Station D,64,8.90
525,17,64,M,2024-08-06 04:23:00,2024-08-06 05:34:00,Station E,Station A,71,9.60
526,141,43,M,2024-12-01 19:57:00,2024-12-01 21:03:00,Station E,Station A,66,9.10
527,329,30,M,2024-05-14 18:53:00,2024-05-14 20:08:00,Station D,Station E,75,10.00
528,281,56,M,2024-08-13 01:04:00,2024-08-13 01:53:00,Station B,Station C,49,7.40
529,69,43,M,2024-03-13 02:46:00,2024-03-13 03:27:00,Station D,Station B,41,6.60
530,412,54,M,2024-09-11 04:38:00,2024-09-11 06:18:00,Station B,Station E,100,12.50
531,52,55,M,2024-04-07 05:40:00,2024-04-07 06:29:00,Station B,Station B,49,7.40
532,128,49,M,2024-09-06 23:36:00,2024-09-07 00:16:00,Station D,Station A,40,6.50
533,188,51,M,2024-01-11 03:18:00,2024-01-11 04:33:00,Station B,Station E,75,10.00
534,122,76,F,2024-09-25 08:42:00,2024-09-25 09:13:00,Station B,Station A,31,5.60
535,465,60,M,2024-09-17 13:42:00,2024-09-17 15:45:00,Station C,Station A,123,14.80
536,5,62,M,2024-09-14 13:27:00,2024-09-14 15:20:00,Station B,Station D,113,13.80
537,432,48,M,2024-01-22 01:41:00,2024-01-22 02:37:00,Station C,Station D,56,8.10
538,18,45,F,2024-09-07 03:06:00,2024-09-07 04:20:00,Station C,Station A,74,9.90
539,194,20,F,2024-02-18 18:37:00,2024-02-18 18:55:00,Station D,Station C,18,4.30
540,410,36,F,2024-11-12 03:48:00,2024-11-12 04:59:00,Station C,Station D,71,9.60
541,355,45,F,2024-01-12 11:05:00,2024-01-12 11:35:00,Station B,Station B,30,5.50
542,411,37,M,2024-02-19 18:02:00,2024-02-19 19:51:00,Station C,Station D,109,13.40
543,115,45,M,2024-07-05 08:16:00,2024-07-05 09:26:00,Station C,Station E,70,9.50
544,97,19,M,2024-07-27 05:39:00,2024-07-27 07:39:00,Station B,Station B,120,14.50
545,335,28,M,2024-09-02 10:43:00,2024-09-02 11:25:00,Station D,Station A,42,6.70
546,23,25,M,2024-10-24 08:55:00,2024-10-24 10:52:00,Station A,Station E,117,14.20
547,302,73,M,2024-11-15 05:18:00,2024-11-15 06:34:00,Station B,Station B,76,10.10
548,430,36,F,2024-05-04 09:23:00,2024-05-04 09:44:00,Station E,Station C,21,4.60
549,119,28,M,2024-09-04 14:19:00,2024-09-04 15:27:00,Station E,Station D,68,9.30
550,347,22,M,2024-10-10 22:29:00,2024-10-10 23:23:00,Station E,Station D,54,7.90
551,88,60,F,2024-03-27 14:29:00,2024-03-27 14:54:00,Station D,Station E,25,5.00
552,193,24,F,2024-10-25 07:48:00,2024-10-25 09:39:00,Station A,Station B,111,13.60
553,33,25,F,2024-03-13 21:43:00,2024-03-13 23:44:00,Station B,Station B,121,14.60
554,2,39,F,2024-02-05 08:20:00,2024-02-05 09:40:00,Station E,Station C,80,10.50
555,403,63,M,2024-09-20 13:33:00,2024-09-20 14:18:00,Station A,Station C,45,7.00
556,58,33,M,2024-01-09 23:20:00,2024-01-09 23:39:00,Station A,Station A,19,4.40
557,324,40,M,2024-07-18 05:29:00,2024-07-18 07:00:00,Station D,Station A,91,11.60
558,367,44,M,2024-08-25 06:20:00,2024-08-25 07:18:00,Station A,Station D,58,8.30
559,59,80,M,2024-01-18 14:51:00,2024-01-18 16:36:00,Station A,Station A,105,13.00
560,245,46,M,2024-11-10 14:15:00,2024-11-10 16:13:00,Station A,Station D,118,14.30
561,333,75,F,2024-08-24 05:39:00,2024-08-24 06:05:00,Station C,Station D,26,5.10
562,449,70,F,2024-12-08 16:47:00,2024-12-08 18:17:00,Station D,Station D,90,11.50
563,347,70,F,2024-07-15 12:53:00,2024-07-15 14:46:00,Station E,Station D,113,13.80
564,149,73,M,2024-11-09 17:20:00,2024-11-09 19:06:00,Station D,Station B,106,13.10
565,432,24,M,2024-01-11 15:35:00,2024-01-11 17:02:00,Station E,Station D,87,11.20
566,255,20,M,2024-08-16 09:03:00,2024-08-16 10:41:00,Station D,Station E,98,12.30
567,95,39,F,2024-07-06 00:06:00,2024-07-06 01:27:00,Station B,Station C,81,10.60
568,379,20,F,2024-02-26 08:39:00,2024-02-26 10:29:00,Station C,Station B,110,13.50
569,21,32,F,2024-01-07 16:30:00,2024-01-07 17:53:00,Station D,Station B,83,10.80
570,83,61,M,2024-06-24 21:03:00,2024-06-24 22:10:00,Station B,Station A,67,9.20
571,429,79,F,2024-08-03 10:39:00,2024-08-03 11:54:00,Station B,Station B,75,10.00
572,282,26,M,2024-07-18 19:30:00,2024-07-18 20:19:00,Station E,Station B,49,7.40
573,257,73,F,2024-05-20 05:42:00,2024-05-20 06:25:00,Station D,Station E,43,6.80
574,289,57,F,2024-05-28 10:17:00,2024-05-28 10:39:00,Station B,Station D,22,4.70
575,493,77,M,2024-01-03 14:27:00,2024-01-03 15:46:00,Station E,Station E,79,10.40
576,445,45,M,2024-07-14 00:07:00,2024-07-14 00:38:00,Station C,Station A,31,5.60
577,388,30,M,2024-01-19 07:50:00,2024-01-19 08:05:00,Station E,Station D,15,4.00
578,391,65,M,2024-03-07 02:54:00,2024-03-07 03:39:00,Station E,Station D,45,7.00
579,191,20,M,2024-10-18 08:20:00,2024-10-18 10:13:00,Station D,Station B,113,13.80
580,298,36,F,2024-01-28 10:46:00,2024-01-28 10:56:00,Station C,Station A,10,3.50
581,246,41,F,2024-10-05 08:54:00,2024-10-05 09:24:00,Station D,Station C,30,5.50
582,3,76,F,2024-09-11 22:10:00,2024-09-11 22:56:00,Station C,Station D,46,7.10
583,78,29,M,2024-11-17 00:53:00,2024-11-17 01:32:00,Station C,Station A,39,6.40
584,371,60,F,2024-03-14 11:04:00,2024-03-14 12:58:00,Station D,Station C,114,13.90
585,1,28,F,2024-06-05 12:45:00,2024-06-05 14:00:00,Station E,Station A,75,10.00
586,406,59,M,2024-12-28 04:10:00,2024-12-28 06:02:00,Station B,Station D,112,13.70
587,192,19,M,2024-03-11 14:09:00,2024-03-11 14:40:00,Station C,Station A,31,5.60
588,201,29,M,2024-11-07 10:44:00,2024-11-07 12:24:00,Station E,Station E,100,12.50
589,454,22,F,2024-07-06 08:25:00,2024-07-06 10:19:00,Station E,Station B,114,13.90
590,472,65,M,2024-09-15 02:18:00,2024-09-15 04:21:00,Station E,Station A,123,14.80
591,414,34,F,2024-01-06 14:18:00,2024-01-06 15:03:00,Station E,Station D,45,7.00
592,415,22,F,2024-03-03 13:59:00,2024-03-03 15:34:00,Station C,Station B,95,12.00
593,196,67,F,2024-07-03 21:47:00,2024-07-03 23:34:00,Station D,Station C,107,13.20
594,19,63,F,2024-10-06 00:27:00,2024-10-06 01:27:00,Station A,Station A,60,8.50
595,230,21,F,2024-02-25 04:25:00,2024-02-25 05:15:00,Station D,Station A,50,7.50
596,241,28,M,2024-05-24 17:29:00,2024-05-24 18:26:00,Station C,Station A,57,8.20
597,423,75,M,2024-03-09 22:09:00,2024-03-09 23:03:00,Station C,Station D,54,7.90
598,459,69,M,2024-03-14 17:28:00,2024-03-14 18:22:00,Station E,Station E,54,7.90
599,297,40,M,2024-01-05 08:26:00,2024-01-05 08:39:00,Station B,Station D,13,3.80
600,102,58,F,2024-10-09 20:48:00,2024-10-09 21:26:00,Station A,Station D,38,6.30
601,302,33,F,2024-10-14 21:41:00,2024-10-14 22:50:00,Station B,Station B,69,9.40
602,93,53,M,2024-01-07 10:03:00,2024-01-07 11:40:00,Station D,Station D,97,12.20
603,349,79,M,2024-05-06 11:34:00,2024-05-06 12:20:00,Station C,Station D,46,7.10
604,428,18,M,2024-11-08 01:46:00,2024-11-08 03:47:00,Station C,Station D,121,14.60
605,347,22,F,2024-02-25 02:13:00,2024-02-25 02:41:00,Station E,Station D,28,5.30
606,70,21,M,2024-10-27 17:34:00,2024-10-27 17:41:00,Station E,Station C,7,3.20
607,277,76,F,2024-11-20 16:10:00,2024-11-20 18:08:00,Station D,Station C,118,14.30
608,420,25,M,2024-03-18 03:35:00,2024-03-18 05:36:00,Station C,Station B,121,14.60
609,201,40,F,2024-07-21 11:11:00,2024-07-21 11:55:00,Station E,Station C,44,6.90
610,63,26,M,2024-02-17 07:56:00,2024-02-17 08:21:00,Station C,Station D,25,5.00
611,209,41,F,2024-04-04 20:22:00,2024-04-04 21:50:00,Station A,Station A,88,11.30
612,313,56,F,2024-06-03 16:06:00,2024-06-03 17:07:00,Station E,Station C,61,8.60
613,125,80,M,2024-09-11 20:27:00,2024-09-11 21:58:00,Station C,Station E,91,11.60
614,496,29,F,2024-03-06 22:06:00,2024-03-06 23:16:00,Station B,Station B,70,9.50
615,81,40,F,2024-11-06 14:41:00,2024-11-06 16:11:00,Station C,Station A,90,11.50
616,472,29,M,2024-04-07 16:50:00,2024-04-07 18:33:00,Station D,Station C,103,12.80
617,479,71,F,2024-06-02 00:34:00,2024-06-02 02:14:00,Station D,Station B,100,12.50
618,138,68,F,2024-01-07 19:32:00,2024-01-07 20:56:00,Station D,Station A,84,10.90
619,86,66,F,2024-12-10 07:17:00,2024-12-10 08:32:00,Station C,Station B,75,10.00
620,146,80,F,2024-06-02 11:43:00,2024-06-02 12:35:00,Station D,Station C,52,7.70
621,375,64,M,2024-05-04 06:03:00,2024-05-04 06:32:00,Station E,Station C,29,5.40
622,150,78,F,2024-10-27 13:48:00,2024-10-27 15:52:00,Station D,Station D,124,14.90
623,246,64,F,2024-05-01 18:38:00,2024-05-01 19:56:00,Station C,Station B,78,10.30
624,347,72,M,2024-07-05 14:40:00,2024-07-05 16:18:00,Station D,Station B,98,12.30
625,370,76,F,2024-04-08 05:53:00,2024-04-08 07:33:00,Station C,Station E,100,12.50
626,445,39,F,2024-07-07 19:47:00,2024-07-07 21:25:00,Station B,Station D,98,12.30
627,131,21,F,2024-01-27 13:45:00,2024-01-27 15:18:00,Station C,Station A,93,11.80
628,234,21,M,2024-11-11 22:43:00,2024-11-11 22:51:00,Station E,Station D,8,3.30
629,140,26,F,2024-10-28 23:29:00,2024-10-29 00:58:00,Station C,Station A,89,11.40
630,152,37,M,2024-04-06 01:44:00,2024-04-06 02:34:00,Station B,Station A,50,7.50
631,185,75,F,2024-03-12 21:50:00,2024-03-12 22:21:00,Station A,Station C,31,5.60
632,60,68,F,2024-12-05 02:50:00,2024-12-05 03:07:00,Station A,Station A,17,4.20
633,142,30,M,2024-09-21 09:39:00,2024-09-21 10:25:00,Station D,Station B,46,7.10
634,163,79,M,2024-11-20 03:14:00,2024-11-20 04:30:00,Station C,Station C,76,10.10
635,10,79,M,2024-07-08 05:56:00,2024-07-08 07:35:00,Station D,Station A,99,12.40
636,96,75,M,2024-08-23 21:26:00,2024-08-23 23:19:00,Station C,Station D,113,13.80
637,123,30,M,2024-05-11 09:14:00,2024-05-11 09:47:00,Station A,Station B,33,5.80
638,208,40,M,2024-09-21 00:47:00,2024-09-21 01:43:00,Station A,Station C,56,8.10
639,74,26,F,2024-04-05 07:49:00,2024-04-05 09:27:00,Station A,Station D,98,12.30
640,89,47,M,2024-03-05 09:16:00,2024-03-05 09:29:00,Station A,Station C,13,3.80
641,49,40,F,2024-10-09 06:54:00,2024-10-09 08:30:00,Station B,Station B,96,12.10
642,47,55,M,2024-12-12 00:52:00,2024-12-12 01:50:00,Station D,Station D,58,8.30
643,196,19,F,2024-07-09 17:25:00,2024-07-09 17:57:00,Station D,Station E,32,5.70
644,445,79,M,2024-07-02 12:18:00,2024-07-02 14:09:00,Station E,Station D,111,13.60
645,114,72,F,2024-01-15 03:15:00,2024-01-15 03:34:00,Station B,Station C,19,4.40
646,73,68,M,2024-03-02 14:30:00,2024-03-02 16:05:00,Station C,Station B,95,12.00
647,361,36,F,2024-02-19 01:41:00,2024-02-19 02:47:00,Station C,Station A,66,9.10
648,6,63,F,2024-02-17 15:45:00,2024-02-17 17:04:00,Station E,Station A,79,10.40
649,404,22,M,2024-04-07 12:12:00,2024-04-07 13:46:00,Station C,Station E,94,11.90
650,38,32,M,2024-04-19 22:53:00,2024-04-20 00:18:00,Station E,Station B,85,11.00
651,422,46,M,2024-01-12 17:22:00,2024-01-12 17:47:00,Station C,Station B,25,5.00
652,81,74,F,2024-01-20 09:54:00,2024-01-20 11:57:00,Station D,Station B,123,14.80
653,19,76,F,2024-01-18 06:03:00,2024-01-18 06:15:00,Station A,Station E,12,3.70
654,400,50,F,2024-05-25 08:44:00,2024-05-25 10:34:00,Station E,Station A,110,13.50
655,120,51,M,2024-09-23 03:21:00,2024-09-23 03:58:00,Station C,Station A,37,6.20
656,185,18,F,2024-08-19 00:26:00,2024-08-19 00:49:00,Station E,Station C,23,4.80
657,60,48,F,2024-02-19 03:09:00,2024-02-19 04:17:00,Station E,Station B,68,9.30
658,131,24,M,2024-10-26 18:09:00,2024-10-26 19:10:00,Station B,Station A,61,8.60
659,321,58,F,2024-11-08 14:26:00,2024-11-08 14:44:00,Station A,Station B,18,4.30
660,178,44,F,2024-03-03 00:07:00,2024-03-03 01:48:00,Station D,Station B,101,12.60
661,141,18,M,2024-11-20 11:12:00,2024-11-20 13:03:00,Station D,Station D,111,13.60
662,425,78,F,2024-04-07 01:19:00,2024-04-07 01:58:00,Station B,Station D,39,6.40
663,497,59,M,2024-04-18 14:42:00,2024-04-18 15:04:00,Station D,Station A,22,4.70
664,499,52,F,2024-06-09 18:02:00,2024-06-09 19:28:00,Station C,Station E,86,11.10
665,93,48,M,2024-06-05 12:30:00,2024-06-05 14:21:00,Station C,Station D,111,13.60
666,489,62,F,2024-04-27 00:16:00,2024-04-27 00:36:00,Station B,Station D,20,4.50
667,348,42,F,2024-04-22 07:27:00,2024-04-22 09:12:00,Station D,Station C,105,13.00
668,402,74,F,2024-01-21 06:40:00,2024-01-21 07:34:00,Station A,Station A,54,7.90
669,275,59,F,2024-01-02 19:01:00,2024-01-02 20:31:00,Station E,Station E,90,11.50
670,430,32,M,2024-08-08 15:39:00,2024-08-08 15:58:00,Station B,Station E,19,4.40
671,224,64,M,2024-10-17 11:08:00,2024-10-17 12:47:00,Station D,Station A,99,12.40
672,65,76,F,2024-05-05 00:19:00,2024-05-05 00:55:00,Station D,Station B,36,6.10
673,352,58,M,2024-11-22 15:39:00,2024-11-22 16:55:00,Station A,Station D,76,10.10
674,451,36,F,2024-08-26 21:04:00,2024-08-26 21:52:00,Station D,Station E,48,7.30
675,477,19,F,2024-05-14 14:11:00,2024-05-14 15:00:00,Station C,Station A,49,7.40
676,268,43,M,2024-08-18 06:08:00,2024-08-18 07:35:00,Station B,Station D,87,11.20
677,150,65,M,2024-11-28 13:44:00,2024-11-28 14:16:00,Station D,Station E,32,5.70
678,221,27,F,2024-10-13 22:49:00,2024-10-13 23:37:00,Station E,Station C,48,7.30
679,170,76,F,2024-01-14 09:49:00,2024-01-14 10:21:00,Station A,Station D,32,5.70
680,431,20,M,2024-08-19 07:25:00,2024-08-19 08:47:00,Station D,Station D,82,10.70
681,233,42,M,2024-07-22 14:57:00,2024-07-22 16:24:00,Station E,Station E,87,11.20
682,14,43,M,2024-03-17 05:00:00,2024-03-17 06:23:00,Station C,Station E,83,10.80
683,451,20,F,2024-10-09 03:34:00,2024-10-09 05:10:00,Station C,Station C,96,12.10
684,458,29,F,2024-01-03 13:10:00,2024-01-03 14:06:00,Station A,Station C,56,8.10
685,318,56,M,2024-10-14 18:45:00,2024-10-14 20:03:00,Station E,Station C,78,10.30
686,454,59,M,2024-10-21 10:23:00,2024-10-21 11:20:00,Station B,Station C,57,8.20
687,218,73,M,2024-12-21 09:44:00,2024-12-21 10:01:00,Station E,Station C,17,4.20
688,173,38,F,2024-06-24 20:37:00,2024-06-24 22:20:00,Station C,Station A,103,12.80
689,280,61,M,2024-06-10 16:03:00,2024-06-10 17:27:00,Station C,Station E,84,10.90
690,349,41,F,2024-07-26 13:15:00,2024-07-26 14:32:00,Station A,Station A,77,10.20
691,44,68,M,2024-08-03 23:42:00,2024-08-04 01:43:00,Station D,Station B,121,14.60
692,184,26,M,2024-07-18 09:39:00,2024-07-18 10:28:00,Station B,Station A,49,7.40
693,145,36,F,2024-10-17 10:49:00,2024-10-17 11:22:00,Station C,Station B,33,5.80
694,50,29,M,2024-02-03 08:46:00,2024-02-03 09:07:00,Station C,Station E,21,4.60
695,451,74,F,2024-05-11 20:43:00,2024-05-11 20:54:00,Station C,Station A,11,3.60
696,69,79,M,2024-05-08 11:26:00,2024-05-08 13:00:00,Station A,Station C,94,11.90
697,227,18,M,2024-08-19 13:20:00,2024-08-19 13:52:00,Station E,Station A,32,5.70
698,272,29,M,2024-12-09 17:21:00,2024-12-09 18:57:00,Station D,Station D,96,12.10
699,303,63,M,2024-08-07 02:17:00,2024-08-07 03:30:00,Station A,Station A,73,9.80
700,110,52,F,2024-03-04 20:59:00,2024-03-04 22:46:00,Station E,Station B,107,13.20
701,354,19,M,2024-07-19 07:38:00,2024-07-19 07:52:00,Station B,Station C,14,3.90
702,288,40,M,2024-01-21 13:38:00,2024-01-21 14:56:00,Station E,Station E,78,10.30
703,311,43,F,2024-02-16 11:44:00,2024-02-16 13:23:00,Station A,Station C,99,12.40
704,82,67,F,2024-11-09 01:15:00,2024-11-09 02:00:00,Station C,Station E,45,7.00
705,174,24,M,2024-02-15 07:02:00,2024-02-15 07:10:00,Station A,Station C,8,3.30
706,303,20,M,2024-03-06 13:00:00,2024-03-06 14:14:00,Station D,Station E,74,9.90
707,294,47,M,2024-02-13 12:46:00,2024-02-13 13:14:00,Station D,Station B,28,5.30
708,109,27,F,2024-10-09 05:36:00,2024-10-09 06:46:00,Station A,Station A,70,9.50
709,326,30,F,2024-11-21 01:16:00,2024-11-21 02:04:00,Station B,Station C,48,7.30
710,334,56,M,2024-11-02 05:10:00,2024-11-02 06:32:00,Station C,Station E,82,10.70
711,480,51,F,2024-08-09 21:02:00,2024-08-09 21:14:00,Station D,Station A,12,3.70
712,342,23,F,2024-11-13 17:58:00,2024-11-13 18:21:00,Station C,Station D,23,4.80
713,141,37,F,2024-12-18 15:56:00,2024-12-18 17:47:00,Station C,Station E,111,13.60
714,198,80,F,2024-11-18 07:27:00,2024-11-18 07:48:00,Station D,Station C,21,4.60
715,328,66,F,2024-02-14 07:51:00,2024-02-14 08:39:00,Station B,Station A,48,7.30
716,82,55,M,2024-01-05 23:47:00,2024-01-06 00:38:00,Station D,Station E,51,7.60
717,449,52,M,2024-05-07 15:41:00,2024-05-07 16:33:00,Station A,Station E,52,7.70
718,484,39,F,2024-07-12 20:34:00,2024-07-12 20:46:00,Station D,Station C,12,3.70
719,146,46,F,2024-06-25 12:32:00,2024-06-25 12:43:00,Station A,Station B,11,3.60
720,115,58,M,2024-04-06 17:21:00,2024-04-06 18:43:00,Station A,Station E,82,10.70
721,408,75,F,2024-11-06 03:59:00,2024-11-06 04:51:00,Station C,Station A,52,7.70
722,256,45,M,2024-04-05 11:59:00,2024-04-05 13:13:00,Station C,Station E,74,9.90
723,112,33,F,2024-10-19 10:15:00,2024-10-19 12:00:00,Station B,Station D,105,13.00
724,188,30,F,2024-11-22 07:21:00,2024-11-22 07:32:00,Station E,Station C,11,3.60
725,185,38,F,2024-02-24 04:15:00,2024-02-24 05:58:00,Station C,Station C,103,12.80
726,359,20,F,2024-07-01 15:19:00,2024-07-01 16:59:00,Station D,Station A,100,12.50
727,406,54,M,2024-10-11 23:15:00,2024-10-12 01:05:00,Station A,Station C,110,13.50
728,377,32,M,2024-04-08 14:40:00,2024-04-08 16:32:00,Station B,Station B,112,13.70
729,237,37,F,2024-04-13 05:28:00,2024-04-13 06:17:00,Station E,Station C,49,7.40
730,458,39,M,2024-02-12 05:30:00,2024-02-12 07:22:00,Station C,Station B,112,13.70
731,319,57,F,2024-04-10 13:00:00,2024-04-10 14:38:00,Station C,Station E,98,12.30
732,361,51,M,2024-06-03 01:51:00,2024-06-03 03:17:00,Station D,Station B,86,11.10
733,328,78,M,2024-03-24 06:30:00,2024-03-24 08:27:00,Station C,Station B,117,14.20
734,62,73,F,2024-08-13 11:24:00,2024-08-13 12:05:00,Station C,Station A,41,6.60
735,383,59,F,2024-07-05 08:31:00,2024-07-05 08:54:00,Station C,Station A,23,4.80
736,417,24,F,2024-05-09 03:08:00,2024-05-09 04:38:00,Station B,Station A,90,11.50
737,59,66,M,2024-10-22 22:11:00,2024-10-22 23:50:00,Station D,Station B,99,12.40
738,3,45,F,2024-05-28 01:58:00,2024-05-28 02:39:00,Station E,Station A,41,6.60
739,49,44,M,2024-11-20 03:29:00,2024-11-20 04:26:00,Station B,Station B,57,8.20
740,268,26,F,2024-05-25 18:44:00,2024-05-25 20:00:00,Station A,Station D,76,10.10
741,253,57,M,2024-04-08 15:54:00,2024-04-08 16:05:00,Station E,Station C,11,3.60
742,488,50,M,2024-04-17 11:43:00,2024-04-17 12:52:00,Station A,Station D,69,9.40
743,88,61,M,2024-06-14 06:38:00,2024-06-14 08:27:00,Station D,Station B,109,13.40
744,379,47,F,2024-03-23 05:12:00,2024-03-23 06:39:00,Station D,Station D,87,11.20
745,376,47,M,2024-07-24 06:53:00,2024-07-24 07:33:00,Station A,Station B,40,6.50
746,315,78,M,2024-11-08 13:37:00,2024-11-08 15:33:00,Station B,Station A,116,14.10
747,311,65,M,2024-02-01 02:56:00,2024-02-01 04:34:00,Station B,Station B,98,12.30
748,495,41,M,2024-06-08 06:18:00,2024-06-08 08:16:00,Station D,Station E,118,14.30
749,78,23,M,2024-10-25 16:36:00,2024-10-25 18:25:00,Station D,Station C,109,13.40
750,406,36,F,2024-02-28 05:48:00,2024-02-28 07:00:00,Station C,Station E,72,9.70
751,363,18,M,2024-12-09 11:19:00,2024-12-09 13:06:00,Station A,Station B,107,13.20
752,324,61,F,2024-03-24 09:22:00,2024-03-24 10:10:00,Station E,Station A,48,7.30
753,194,50,M,2024-10-12 13:58:00,2024-10-12 14:09:00,Station E,Station E,11,3.60
754,206,18,F,2024-07-27 21:31:00,2024-07-27 22:38:00,Station A,Station D,67,9.20
755,97,46,M,2024-07-01 04:36:00,2024-07-01 04:46:00,Station B,Station A,10,3.50
756,270,47,F,2024-12-26 10:28:00,2024-12-26 11:44:00,Station A,Station C,76,10.10
757,107,38,M,2024-04-03 16:12:00,2024-04-03 16:52:00,Station B,Station A,40,6.50
758,276,60,F,2024-06-17 14:27:00,2024-06-17 15:02:00,Station D,Station A,35,6.00
759,298,49,F,2024-10-18 14:32:00,2024-10-18 16:14:00,Station B,Station B,102,12.70
760,387,34,F,2024-04-08 02:58:00,2024-04-08 04:31:00,Station E,Station A,93,11.80
761,445,53,F,2024-01-01 04:30:00,2024-01-01 05:11:00,Station C,Station A,41,6.60
762,140,63,F,2024-06-06 13:50:00,2024-06-06 14:44:00,Station D,Station D,54,7.90
763,145,66,F,2024-12-17 18:11:00,2024-12-17 18:56:00,Station C,Station C,45,7.00
764,329,25,M,2024-09-25 19:12:00,2024-09-25 19:35:00,Station D,Station D,23,4.80
765,101,72,M,2024-04-03 08:35:00,2024-04-03 10:11:00,Station B,Station C,96,12.10
766,168,31,M,2024-06-26 08:53:00,2024-06-26 09:06:00,Station C,Station E,13,3.80
767,85,21,M,2024-03-10 17:07:00,2024-03-10 17:57:00,Station C,Station E,50,7.50
768,235,58,M,2024-12-17 07:14:00,2024-12-17 08:42:00,Station B,Station B,88,11.30
769,263,30,F,2024-04-22 11:27:00,2024-04-22 13:17:00,Station C,Station A,110,13.50
770,60,70,M,2024-05-12 01:47:00,2024-05-12 02:07:00,Station B,Station D,20,4.50
771,464,29,F,2024-08-25 10:24:00,2024-08-25 11:20:00,Station A,Station A,56,8.10
772,145,78,F,2024-01-21 12:01:00,2024-01-21 13:21:00,Station C,Station A,80,10.50
773,411,25,M,2024-07-16 01:54:00,2024-07-16 03:24:00,Station A,Station B,90,11.50
774,189,78,F,2024-11-18 02:11:00,2024-11-18 03:55:00,Station A,Station B,104,12.90
775,409,32,F,2024-08-27 04:03:00,2024-08-27 04:55:00,Station E,Station E,52,7.70
776,190,21,M,2024-04-01 02:15:00,2024-04-01 03:20:00,Station C,Station A,65,9.00
777,374,77,F,2024-07-18 20:08:00,2024-07-18 20:16:00,Station C,Station E,8,3.30
778,363,69,F,2024-04-21 07:11:00,2024-04-21 07:43:00,Station C,Station D,32,5.70
779,67,59,M,2024-10-03 23:09:00,2024-10-04 00:11:00,Station C,Station D,62,8.70
780,395,74,F,2024-12-27 03:30:00,2024-12-27 05:29:00,Station C,Station B,119,14.40
781,343,52,M,2024-12-25 19:00:00,2024-12-25 20:14:00,Station E,Station C,74,9.90
782,40,80,M,2024-03-23 07:56:00,2024-03-23 08:48:00,Station C,Station D,52,7.70
783,69,57,M,2024-02-19 23:39:00,2024-02-20 00:27:00,Station D,Station C,48,7.30
784,199,49,M,2024-10-15 09:01:00,2024-10-15 09:09:00,Station A,Station C,8,3.30
785,324,52,M,2024-11-02 05:38:00,2024-11-02 06:43:00,Station E,Station B,65,9.00
786,245,37,M,2024-08-26 02:38:00,2024-08-26 03:11:00,Station E,Station C,33,5.80
787,307,31,F,2024-03-10 08:41:00,2024-03-10 10:23:00,Station B,Station D,102,12.70
788,498,71,M,2024-06-26 03:32:00,2024-06-26 03:52:00,Station C,Station B,20,4.50
789,104,50,F,2024-12-27 22:59:00,2024-12-27 23:04:00,Station C,Station C,5,3.00
790,466,19,F,2024-08-28 12:35:00,2024-08-28 13:09:00,Station B,Station E,34,5.90
791,19,42,F,2024-06-09 02:29:00,2024-06-09 03:37:00,Station B,Station E,68,9.30
792,155,49,M,2024-05-09 01:18:00,2024-05-09 02:35:00,Station D,Station C,77,10.20
793,121,54,F,2024-04-26 09:02:00,2024-04-26 09:34:00,Station E,Station C,32,5.70
794,67,25,F,2024-01-18 00:16:00,2024-01-18 00:24:00,Station A,Station B,8,3.30
795,247,71,M,2024-04-03 06:14:00,2024-04-03 07:12:00,Station C,Station E,58,8.30
796,188,72,F,2024-09-04 18:10:00,2024-09-04 19:54:00,Station A,Station E,104,12.90
797,73,73,M,2024-11-27 12:55:00,2024-11-27 14:54:00,Station D,Station B,119,14.40
798,35,71,M,2024-07-26 21:49:00,2024-07-26 23:27:00,Station C,Station E,98,12.30
799,291,49,F,2024-07-23 23:19:00,2024-07-24 00:49:00,Station D,Station D,90,11.50
800,383,57,M,2024-08-05 12:33:00,2024-08-05 14:11:00,Station E,Station C,98,12.30
801,414,52,F,2024-11-12 07:24:00,2024-11-12 09:01:00,Station A,Station C,97,12.20
802,477,50,F,2024-08-07 20:04:00,2024-08-07 21:28:00,Station E,Station D,84,10.90
803,261,22,F,2024-08-02 10:07:00,2024-08-02 11:11:00,Station B,Station C,64,8.90
804,280,30,M,2024-09-05 20:24:00,2024-09-05 22:19:00,Station B,Station C,115,14.00
805,96,50,M,2024-11-05 13:12:00,2024-11-05 14:45:00,Station B,Station C,93,11.80
806,278,65,F,2024-04-26 00:02:00,2024-04-26 01:34:00,Station E,Station D,92,11.70
807,370,20,M,2024-02-07 22:04:00,2024-02-07 23:41:00,Station D,Station B,97,12.20
808,271,35,F,2024-12-03 01:11:00,2024-12-03 01:57:00,Station D,Station C,46,7.10
809,491,60,M,2024-05-13 16:41:00,2024-05-13 17:12:00,Station D,Station B,31,5.60
810,256,63,F,2024-01-28 20:19:00,2024-01-28 20:59:00,Station B,Station D,40,6.50
811,252,43,M,2024-01-13 04:54:00,2024-01-13 05:14:00,Station C,Station C,20,4.50
812,397,70,M,2024-10-22 05:30:00,2024-10-22 05:52:00,Station C,Station A,22,4.70
813,475,79,M,2024-08-21 00:43:00,2024-08-21 01:58:00,Station A,Station D,75,10.00
814,463,45,M,2024-07-04 08:20:00,2024-07-04 10:06:00,Station D,Station C,106,13.10
815,148,53,M,2024-12-05 23:27:00,2024-12-06 01:06:00,Station D,Station D,99,12.40
816,351,29,F,2024-10-25 20:13:00,2024-10-25 22:15:00,Station A,Station A,122,14.70
817,105,77,M,2024-09-22 21:21:00,2024-09-22 22:49:00,Station A,Station B,88,11.30
818,447,56,F,2024-01-19 11:24:00,2024-01-19 13:11:00,Station A,Station B,107,13.20
819,451,58,M,2024-03-18 04:42:00,2024-03-18 05:09:00,Station D,Station C,27,5.20
820,164,73,M,2024-01-02 02:25:00,2024-01-02 02:59:00,Station A,Station A,34,5.90
821,393,41,M,2024-01-01 16:37:00,2024-01-01 18:19:00,Station E,Station D,102,12.70
822,95,45,F,2024-01-24 09:50:00,2024-01-24 10:32:00,Station E,Station D,42,6.70
823,138,19,M,2024-09-14 03:13:00,2024-09-14 03:20:00,Station C,Station B,7,3.20
824,162,55,M,2024-10-13 08:59:00,2024-10-13 09:30:00,Station B,Station D,31,5.60
825,275,67,M,2024-05-08 13:24:00,2024-05-08 13:48:00,Station C,Station A,24,4.90
826,66,66,M,2024-03-27 07:46:00,2024-03-27 08:16:00,Station C,Station B,30,5.50
827,51,39,M,2024-03-01 12:57:00,2024-03-01 13:21:00,Station E,Station B,24,4.90
828,477,20,F,2024-10-16 00:06:00,2024-10-16 01:41:00,Station D,Station D,95,12.00
829,392,58,F,2024-12-04 03:16:00,2024-12-04 04:54:00,Station C,Station A,98,12.30
830,445,77,F,2024-07-08 02:21:00,2024-07-08 03:08:00,Station B,Station D,47,7.20
831,31,37,M,2024-10-22 02:39:00,2024-10-22 02:47:00,Station D,Station B,8,3.30
832,8,66,F,2024-05-10 20:49:00,2024-05-10 21:35:00,Station D,Station D,46,7.10
833,457,62,F,2024-12-26 02:44:00,2024-12-26 04:31:00,Station C,Station B,107,13.20
834,405,46,M,2024-02-07 11:11:00,2024-02-07 12:40:00,Station E,Station D,89,11.40
835,275,58,M,2024-04-18 02:54:00,2024-04-18 04:40:00,Station B,Station A,106,13.10
836,9,49,M,2024-06-05 10:47:00,2024-06-05 12:12:00,Station A,Station C,85,11.00
837,444,36,F,2024-01-27 11:16:00,2024-01-27 12:24:00,Station B,Station D,68,9.30
838,92,80,M,2024-08-15 05:01:00,2024-08-15 06:30:00,Station A,Station E,89,11.40
839,125,70,M,2024-11-10 05:53:00,2024-11-10 06:52:00,Station A,Station C,59,8.40
840,199,80,F,2024-06-10 18:41:00,2024-06-10 19:03:00,Station D,Station C,22,4.70
841,239,40,M,2024-04-10 03:28:00,2024-04-10 04:14:00,Station B,Station E,46,7.10
842,437,60,M,2024-12-21 05:58:00,2024-12-21 07:07:00,Station C,Station A,69,9.40
843,91,69,F,2024-12-22 01:43:00,2024-12-22 02:18:00,Station B,Station E,35,6.00
844,364,47,F,2024-05-01 05:36:00,2024-05-01 07:33:00,Station B,Station C,117,14.20
845,46,53,M,2024-01-03 16:19:00,2024-01-03 17:54:00,Station B,Station B,95,12.00
846,377,46,F,2024-06-03 00:23:00,2024-06-03 01:50:00,Station A,Station A,87,11.20
847,44,41,M,2024-09-06 04:55:00,2024-09-06 05:15:00,Station B,Station C,20,4.50
848,66,47,F,2024-11-11 08:34:00,2024-11-11 09:22:00,Station E,Station D,48,7.30
849,109,28,F,2024-01-15 18:22:00,2024-01-15 20:12:00,Station E,Station E,110,13.50
850,234,34,M,2024-07-15 08:25:00,2024-07-15 08:59:00,Station C,Station D,34,5.90
851,83,69,M,2024-11-06 17:35:00,2024-11-06 17:52:00,Station C,Station B,17,4.20
852,100,24,F,2024-12-26 15:39:00,2024-12-26 16:58:00,Station D,Station E,79,10.40
853,8,65,M,2024-08-12 03:52:00,2024-08-12 04:50:00,Station E,Station B,58,8.30
854,105,28,M,2024-01-27 07:11:00,2024-01-27 07:54:00,Station C,Station E,43,6.80
855,397,35,M,2024-12-07 00:30:00,2024-12-07 01:10:00,Station B,Station A,40,6.50
856,54,33,F,2024-12-05 10:13:00,2024-12-05 10:25:00,Station C,Station E,12,3.70
857,5,44,M,2024-11-27 07:12:00,2024-11-27 08:07:00,Station B,Station B,55,8.00
858,437,20,M,2024-08-03 09:03:00,2024-08-03 10:56:00,Station D,Station C,113,13.80
859,324,57,F,2024-10-13 17:16:00,2024-10-13 18:12:00,Station B,Station B,56,8.10
860,296,36,F,2024-07-11 10:10:00,2024-07-11 10:54:00,Station A,Station C,44,6.90
861,395,21,F,2024-06-18 21:52:00,2024-06-18 22:32:00,Station C,Station C,40,6.50
862,92,20,F,2024-05-16 14:32:00,2024-05-16 15:57:00,Station D,Station D,85,11.00
863,387,59,F,2024-01-04 17:35:00,2024-01-04 18:42:00,Station E,Station D,67,9.20
864,88,73,F,2024-10-14 12:38:00,2024-10-14 14:02:00,Station C,Station C,84,10.90
865,358,46,F,2024-03-25 19:38:00,2024-03-25 21:03:00,Station A,Station B,85,11.00
866,414,62,F,2024-02-18 22:26:00,2024-02-18 23:49:00,Station B,Station D,83,10.80
867,270,61,M,2024-12-17 04:33:00,2024-12-17 06:30:00,Station D,Station B,117,14.20
868,329,74,M,2024-03-25 21:48:00,2024-03-25 22:17:00,Station B,Station E,29,5.40
869,91,52,F,2024-09-27 12:11:00,2024-09-27 12:49:00,Station D,Station D,38,6.30
870,445,40,M,2024-11-19 18:02:00,2024-11-19 18:32:00,Station E,Station A,30,5.50
871,173,29,M,2024-08-09 08:06:00,2024-08-09 08:57:00,Station E,Station B,51,7.60
872,440,47,F,2024-04-08 12:12:00,2024-04-08 13:16:00,Station D,Station B,64,8.90
873,250,26,F,2024-05-08 21:45:00,2024-05-08 22:38:00,Station D,Station B,53,7.80
874,434,52,M,2024-02-04 01:05:00,2024-02-04 02:08:00,Station A,Station D,63,8.80
875,330,37,F,2024-11-14 08:09:00,2024-11-14 09:17:00,Station A,Station A,68,9.30
876,410,75,F,2024-08-28 03:19:00,2024-08-28 05:20:00,Station A,Station D,121,14.60
877,420,44,M,2024-04-17 03:14:00,2024-04-17 04:41:00,Station C,Station C,87,11.20
878,348,34,F,2024-03-12 00:17:00,2024-03-12 02:07:00,Station A,Station D,110,13.50
879,121,56,F,2024-06-26 21:47:00,2024-06-26 23:01:00,Station C,Station E,74,9.90
880,283,43,F,2024-04-22 21:15:00,2024-04-22 22:11:00,Station E,Station B,56,8.10
881,336,40,M,2024-10-13 15:09:00,2024-10-13 16:09:00,Station B,Station D,60,8.50
882,389,26,F,2024-01-20 16:46:00,2024-01-20 17:56:00,Station C,Station E,70,9.50
883,61,66,F,2024-07-08 14:29:00,2024-07-08 16:06:00,Station A,Station B,97,12.20
884,351,56,F,2024-07-14 01:46:00,2024-07-14 02:28:00,Station C,Station D,42,6.70
885,163,38,F,2024-12-24 02:17:00,2024-12-24 03:07:00,Station D,Station B,50,7.50
886,350,19,F,2024-11-07 04:48:00,2024-11-07 04:53:00,Station A,Station E,5,3.00
887,2,44,F,2024-07-03 10:48:00,2024-07-03 12:31:00,Station C,Station A,103,12.80
888,325,76,F,2024-03-02 21:16:00,2024-03-02 21:36:00,Station E,Station C,20,4.50
889,150,33,F,2024-11-08 01:07:00,2024-11-08 01:28:00,Station D,Station C,21,4.60
890,496,47,F,2024-11-14 16:03:00,2024-11-14 16:52:00,Station B,Station D,49,7.40
891,330,64,M,2024-08-08 16:20:00,2024-08-08 18:14:00,Station A,Station A,114,13.90
892,57,26,F,2024-01-10 03:44:00,2024-01-10 04:32:00,Station A,Station C,48,7.30
893,364,33,M,2024-02-17 09:54:00,2024-02-17 11:48:00,Station D,Station E,114,13.90
894,427,78,M,2024-01-10 02:41:00,2024-01-10 03:49:00,Station B,Station C,68,9.30
895,245,58,M,2024-07-18 13:07:00,2024-07-18 14:39:00,Station D,Station C,92,11.70
896,422,27,F,2024-03-11 07:21:00,2024-03-11 08:39:00,Station D,Station E,78,10.30
897,415,57,M,2024-03-26 11:42:00,2024-03-26 13:40:00,Station E,Station D,118,14.30
898,463,23,F,2024-09-26 12:04:00,2024-09-26 14:04:00,Station D,Station D,120,14.50
899,31,42,F,2024-07-15 13:53:00,2024-07-15 14:59:00,Station C,Station E,66,9.10
900,78,70,M,2024-05-02 14:58:00,2024-05-02 15:26:00,Station A,Station B,28,5.30
901,337,77,M,2024-02-07 00:59:00,2024-02-07 01:18:00,Station C,Station D,19,4.40
902,31,49,M,2024-08-24 23:31:00,2024-08-25 00:07:00,Station D,Station E,36,6.10
903,286,32,M,2024-08-02 16:47:00,2024-08-02 16:55:00,Station D,Station C,8,3.30
904,320,46,F,2024-07-23 08:43:00,2024-07-23 10:40:00,Station D,Station C,117,14.20
905,281,51,M,2024-08-11 06:45:00,2024-08-11 08:16:00,Station B,Station D,91,11.60
906,7,53,M,2024-06-17 17:54:00,2024-06-17 18:23:00,Station A,Station A,29,5.40
907,499,53,F,2024-09-21 23:02:00,2024-09-22 00:04:00,Station E,Station A,62,8.70
908,47,68,M,2024-08-04 06:55:00,2024-08-04 08:36:00,Station D,Station D,101,12.60
909,377,75,F,2024-01-25 17:23:00,2024-01-25 19:18:00,Station A,Station A,115,14.00
910,495,73,M,2024-03-15 08:15:00,2024-03-15 09:24:00,Station A,Station A,69,9.40
911,216,30,F,2024-10-21 04:03:00,2024-10-21 04:25:00,Station D,Station E,22,4.70
912,402,69,F,2024-02-13 21:39:00,2024-02-13 22:29:00,Station D,Station B,50,7.50
913,270,68,M,2024-06-28 10:58:00,2024-06-28 12:43:00,Station A,Station B,105,13.00
914,48,68,M,2024-05-28 20:17:00,2024-05-28 21:43:00,Station C,Station D,86,11.10
915,144,79,M,2024-02-18 20:10:00,2024-02-18 22:05:00,Station E,Station C,115,14.00
916,460,32,M,2024-08-15 16:39:00,2024-08-15 16:52:00,Station B,Station C,13,3.80
917,477,46,M,2024-10-17 03:29:00,2024-10-17 04:14:00,Station D,Station B,45,7.00
918,492,22,F,2024-07-06 08:00:00,2024-07-06 09:27:00,Station A,Station C,87,11.20
919,15,77,M,2024-05-18 08:29:00,2024-05-18 10:00:00,Station B,Station A,91,11.60
920,117,57,M,2024-02-19 09:21:00,2024-02-19 09:35:00,Station C,Station B,14,3.90
921,218,77,F,2024-01-01 16:55:00,2024-01-01 17:06:00,Station B,Station D,11,3.60
922,439,49,M,2024-09-02 01:34:00,2024-09-02 03:31:00,Station B,Station D,117,14.20
923,357,48,M,2024-06-11 15:39:00,2024-06-11 17:04:00,Station A,Station E,85,11.00
924,296,60,F,2024-03-10 09:22:00,2024-03-10 10:05:00,Station C,Station B,43,6.80
925,169,34,M,2024-08-01 08:30:00,2024-08-01 09:09:00,Station B,Station D,39,6.40
926,57,39,F,2024-01-11 06:42:00,2024-01-11 08:05:00,Station E,Station A,83,10.80
927,276,60,F,2024-05-23 05:35:00,2024-05-23 06:42:00,Station D,Station C,67,9.20
928,23,58,M,2024-06-27 03:44:00,2024-06-27 05:05:00,Station D,Station E,81,10.60
929,375,28,F,2024-05-12 09:52:00,2024-05-12 11:27:00,Station C,Station E,95,12.00
930,144,46,F,2024-10-17 13:45:00,2024-10-17 15:40:00,Station A,Station E,115,14.00
931,292,23,F,2024-06-01 16:56:00,2024-06-01 18:33:00,Station E,Station B,97,12.20
932,278,52,M,2024-04-22 12:33:00,2024-04-22 13:22:00,Station A,Station C,49,7.40
933,223,60,F,2024-05-09 23:22:00,2024-05-09 23:43:00,Station D,Station A,21,4.60
934,113,26,F,2024-08-20 20:30:00,2024-08-20 22:00:00,Station B,Station E,90,11.50
935,273,61,M,2024-08-18 05:40:00,2024-08-18 06:07:00,Station B,Station E,27,5.20
936,301,29,F,2024-03-14 05:56:00,2024-03-14 07:28:00,Station E,Station B,92,11.70
937,498,77,F,2024-12-15 13:38:00,2024-12-15 15:07:00,Station C,Station B,89,11.40
938,24,20,M,2024-05-12 13:23:00,2024-05-12 13:46:00,Station C,Station D,23,4.80
939,480,24,F,2024-11-03 22:08:00,2024-11-03 23:06:00,Station C,Station B,58,8.30
940,361,79,F,2024-01-03 23:25:00,2024-01-04 00:28:00,Station A,Station E,63,8.80
941,389,49,M,2024-07-10 17:59:00,2024-07-10 20:01:00,Station A,Station C,122,14.70
942,198,63,F,2024-10-21 15:55:00,2024-10-21 17:03:00,Station E,Station E,68,9.30
943,227,23,M,2024-10-23 06:15:00,2024-10-23 06:55:00,Station E,Station B,40,6.50
944,36,36,F,2024-09-03 21:59:00,2024-09-03 22:38:00,Station A,Station B,39,6.40
945,480,42,F,2024-06-28 20:37:00,2024-06-28 22:11:00,Station C,Station B,94,11.90
946,135,80,F,2024-12-10 12:24:00,2024-12-10 13:07:00,Station E,Station C,43,6.80
947,440,54,F,2024-04-19 03:44:00,2024-04-19 03:51:00,Station D,Station A,7,3.20
948,58,41,F,2024-01-03 22:20:00,2024-01-03 22:57:00,Station B,Station D,37,6.20
949,398,58,M,2024-06-11 15:43:00,2024-06-11 17:16:00,Station E,Station E,93,11.80
950,462,80,F,2024-11-27 05:08:00,2024-11-27 06:46:00,Station A,Station A,98,12.30
951,98,75,M,2024-03-04 19:46:00,2024-03-04 19:51:00,Station C,Station B,5,3.00
952,24,51,F,2024-09-27 00:14:00,2024-09-27 01:53:00,Station D,Station D,99,12.40
953,221,60,F,2024-04-08 23:42:00,2024-04-09 00:31:00,Station C,Station B,49,7.40
954,322,65,M,2024-01-16 15:09:00,2024-01-16 16:36:00,Station D,Station C,87,11.20
955,433,27,M,2024-07-04 15:59:00,2024-07-04 16:25:00,Station C,Station B,26,5.10
956,341,72,F,2024-02-01 05:58:00,2024-02-01 06:59:00,Station E,Station D,61,8.60
957,437,22,M,2024-11-23 01:00:00,2024-11-23 02:28:00,Station D,Station C,88,11.30
958,16,42,F,2024-03-13 01:30:00,2024-03-13 02:05:00,Station B,Station B,35,6.00
959,248,51,M,2024-03-22 03:00:00,2024-03-22 03:15:00,Station D,Station C,15,4.00
960,341,43,F,2024-09-20 09:09:00,2024-09-20 11:01:00,Station E,Station A,112,13.70
961,142,47,M,2024-01-10 06:48:00,2024-01-10 08:08:00,Station D,Station E,80,10.50
962,38,59,F,2024-06-26 03:17:00,2024-06-26 03:35:00,Station E,Station E,18,4.30
963,326,62,M,2024-01-21 03:44:00,2024-01-21 05:21:00,Station C,Station B,97,12.20
964,228,18,M,2024-11-23 01:29:00,2024-11-23 01:58:00,Station A,Station C,29,5.40
965,71,41,F,2024-06-03 16:15:00,2024-06-03 17:04:00,Station D,Station E,49,7.40
966,43,71,F,2024-03-14 00:13:00,2024-03-14 00:22:00,Station B,Station D,9,3.40
967,20,50,M,2024-04-06 06:26:00,2024-04-06 07:50:00,Station E,Station A,84,10.90
968,333,33,F,2024-11-20 04:34:00,2024-11-20 06:16:00,Station E,Station C,102,12.70
969,423,67,F,2024-06-04 18:02:00,2024-06-04 18:17:00,Station C,Station A,15,4.00
970,81,72,M,2024-11-02 04:47:00,2024-11-02 06:14:00,Station D,Station D,87,11.20
971,3,35,M,2024-04-16 22:05:00,2024-04-16 23:57:00,Station A,Station A,112,13.70
972,141,49,F,2024-03-19 06:15:00,2024-03-19 08:07:00,Station D,Station D,112,13.70
973,364,19,M,2024-03-04 20:56:00,2024-03-04 21:01:00,Station C,Station B,5,3.00
974,229,71,F,2024-11-20 14:15:00,2024-11-20 15:55:00,Station D,Station B,100,12.50
975,180,48,M,2024-09-13 06:16:00,2024-09-13 07:11:00,Station C,Station C,55,8.00
976,79,41,M,2024-12-22 00:08:00,2024-12-22 01:11:00,Station B,Station B,63,8.80
977,496,80,F,2024-09-26 20:26:00,2024-09-26 21:32:00,Station B,Station C,66,9.10
978,435,54,F,2024-05-02 15:17:00,2024-05-02 16:18:00,Station E,Station A,61,8.60
979,129,57,M,2024-03-27 10:05:00,2024-03-27 11:21:00,Station C,Station E,76,10.10
980,387,18,M,2024-06-16 01:59:00,2024-06-16 02:44:00,Station A,Station B,45,7.00
981,258,58,F,2024-11-02 21:10:00,2024-11-02 22:53:00,Station C,Station A,103,12.80
982,436,74,M,2024-05-26 17:10:00,2024-05-26 18:43:00,Station C,Station B,93,11.80
983,286,78,F,2024-08-01 19:16:00,2024-08-01 20:24:00,Station D,Station D,68,9.30
984,33,78,F,2024-02-04 08:37:00,2024-02-04 09:43:00,Station D,Station B,66,9.10
985,128,55,M,2024-05-03 04:19:00,2024-05-03 04:50:00,Station B,Station D,31,5.60
986,193,41,M,2024-04-09 08:58:00,2024-04-09 10:14:00,Station D,Station E,76,10.10
987,30,55,F,2024-05-09 00:43:00,2024-05-09 00:59:00,Station B,Station E,16,4.10
988,117,48,M,2024-10-25 06:15:00,2024-10-25 06:20:00,Station C,Station B,5,3.00
989,460,27,M,2024-12-13 05:57:00,2024-12-13 07:46:00,Station D,Station A,109,13.40
990,128,60,F,2024-07-10 11:45:00,2024-07-10 13:25:00,Station C,Station C,100,12.50
991,41,69,M,2024-05-01 04:12:00,2024-05-01 04:21:00,Station B,Station D,9,3.40
992,37,29,F,2024-04-25 00:43:00,2024-04-25 01:40:00,Station D,Station C,57,8.20
993,260,29,M,2024-10-14 10:03:00,2024-10-14 10:59:00,Station E,Station A,56,8.10
994,71,56,F,2024-01-01 20:08:00,2024-01-01 20:46:00,Station D,Station A,38,6.30
995,326,45,F,2024-03-05 22:48:00,2024-03-06 00:43:00,Station D,Station C,115,14.00
996,336,49,F,2024-07-20 02:58:00,2024-07-20 04:34:00,Station A,Station A,96,12.10
997,187,30,M,2024-08-19 03:42:00,2024-08-19 04:32:00,Station C,Station E,50,7.50
998,153,79,F,2024-12-14 11:39:00,2024-12-14 12:12:00,Station D,Station A,33,5.80
999,176,21,F,2024-07-01 20:08:00,2024-07-01 20:50:00,Station D,Station E,42,6.70
1000,343,72,M,2024-07-27 21:01:00,2024-07-27 22:40:00,Station A,Station C,99,12.40
